file,line,type,commit,author,date,time,timezone,datetime,depth,length
style.css,1,css,3a37c114,Even Wu,2026-04-10,16:07:26,-07:00,2026-04-10T16:07:26-07:00,0,5
style.css,2,css,3a37c114,Even Wu,2026-04-10,16:07:26,-07:00,2026-04-10T16:07:26-07:00,1,33
style.css,3,css,25685283,Even Wu,2026-04-17,16:54:08,-07:00,2026-04-17T16:54:08-07:00,1,23
style.css,4,css,3a37c114,Even Wu,2026-04-10,16:07:26,-07:00,2026-04-10T16:07:26-07:00,0,0
style.css,5,css,3a37c114,Even Wu,2026-04-10,16:07:26,-07:00,2026-04-10T16:07:26-07:00,0,0
style.css,6,css,3a37c114,Even Wu,2026-04-10,16:07:26,-07:00,2026-04-10T16:07:26-07:00,0,4
style.css,7,css,3a37c114,Even Wu,2026-04-10,16:07:26,-07:00,2026-04-10T16:07:26-07:00,1,32
style.css,8,css,3a37c114,Even Wu,2026-04-10,16:07:26,-07:00,2026-04-10T16:07:26-07:00,0,0
style.css,9,css,3a37c114,Even Wu,2026-04-10,16:07:26,-07:00,2026-04-10T16:07:26-07:00,0,0
style.css,10,css,18455d9e,Even Wu,2026-04-03,14:09:37,-07:00,2026-04-03T14:09:37-07:00,0,4
style.css,11,css,18455d9e,Even Wu,2026-04-03,14:09:37,-07:00,2026-04-03T14:09:37-07:00,1,23
style.css,12,css,3a37c114,Even Wu,2026-04-10,16:07:26,-07:00,2026-04-10T16:07:26-07:00,1,15
style.css,13,css,3a37c114,Even Wu,2026-04-10,16:07:26,-07:00,2026-04-10T16:07:26-07:00,1,42
style.css,14,css,3a37c114,Even Wu,2026-04-10,16:07:26,-07:00,2026-04-10T16:07:26-07:00,0,0
style.css,15,css,3a37c114,Even Wu,2026-04-10,16:07:26,-07:00,2026-04-10T16:07:26-07:00,0,3
style.css,16,css,3a37c114,Even Wu,2026-04-10,16:07:26,-07:00,2026-04-10T16:07:26-07:00,1,17
style.css,17,css,25685283,Even Wu,2026-04-17,16:54:08,-07:00,2026-04-17T16:54:08-07:00,1,48
style.css,18,css,3a37c114,Even Wu,2026-04-10,16:07:26,-07:00,2026-04-10T16:07:26-07:00,0,0
style.css,19,css,3a37c114,Even Wu,2026-04-10,16:07:26,-07:00,2026-04-10T16:07:26-07:00,0,0
style.css,20,css,b6ee1a61,Even Wu,2026-04-17,16:07:44,-07:00,2026-04-17T16:07:44-07:00,0,3
style.css,21,css,3a37c114,Even Wu,2026-04-10,16:07:26,-07:00,2026-04-10T16:07:26-07:00,1,12
style.css,22,css,3a37c114,Even Wu,2026-04-10,16:07:26,-07:00,2026-04-10T16:07:26-07:00,1,15
style.css,23,css,3a37c114,Even Wu,2026-04-10,16:07:26,-07:00,2026-04-10T16:07:26-07:00,1,9
style.css,24,css,3a37c114,Even Wu,2026-04-10,16:07:26,-07:00,2026-04-10T16:07:26-07:00,1,8
style.css,25,css,3a37c114,Even Wu,2026-04-10,16:07:26,-07:00,2026-04-10T16:07:26-07:00,0,0
style.css,26,css,3a37c114,Even Wu,2026-04-10,16:07:26,-07:00,2026-04-10T16:07:26-07:00,0,0
style.css,27,css,3a37c114,Even Wu,2026-04-10,16:07:26,-07:00,2026-04-10T16:07:26-07:00,0,5
style.css,28,css,3a37c114,Even Wu,2026-04-10,16:07:26,-07:00,2026-04-10T16:07:26-07:00,1,6
style.css,29,css,3a37c114,Even Wu,2026-04-10,16:07:26,-07:00,2026-04-10T16:07:26-07:00,1,20
style.css,30,css,3a37c114,Even Wu,2026-04-10,16:07:26,-07:00,2026-04-10T16:07:26-07:00,1,17
style.css,31,css,3a37c114,Even Wu,2026-04-10,16:07:26,-07:00,2026-04-10T16:07:26-07:00,1,13
style.css,32,css,3a37c114,Even Wu,2026-04-10,16:07:26,-07:00,2026-04-10T16:07:26-07:00,1,13
style.css,33,css,3a37c114,Even Wu,2026-04-10,16:07:26,-07:00,2026-04-10T16:07:26-07:00,0,0
style.css,34,css,3a37c114,Even Wu,2026-04-10,16:07:26,-07:00,2026-04-10T16:07:26-07:00,0,0
style.css,35,css,3a37c114,Even Wu,2026-04-10,16:07:26,-07:00,2026-04-10T16:07:26-07:00,0,13
style.css,36,css,25685283,Even Wu,2026-04-17,16:54:08,-07:00,2026-04-17T16:54:08-07:00,1,50
style.css,37,css,3a37c114,Even Wu,2026-04-10,16:07:26,-07:00,2026-04-10T16:07:26-07:00,1,20
style.css,38,css,3a37c114,Even Wu,2026-04-10,16:07:26,-07:00,2026-04-10T16:07:26-07:00,0,0
style.css,39,css,3a37c114,Even Wu,2026-04-10,16:07:26,-07:00,2026-04-10T16:07:26-07:00,0,0
style.css,40,css,3a37c114,Even Wu,2026-04-10,16:07:26,-07:00,2026-04-10T16:07:26-07:00,0,11
style.css,41,css,3a37c114,Even Wu,2026-04-10,16:07:26,-07:00,2026-04-10T16:07:26-07:00,1,45
style.css,42,css,3a37c114,Even Wu,2026-04-10,16:07:26,-07:00,2026-04-10T16:07:26-07:00,1,20
style.css,43,css,25685283,Even Wu,2026-04-17,16:54:08,-07:00,2026-04-17T16:54:08-07:00,1,69
style.css,44,css,3a37c114,Even Wu,2026-04-10,16:07:26,-07:00,2026-04-10T16:07:26-07:00,0,0
style.css,45,css,0eeb8b8d,Even Wu,2026-04-10,16:28:20,-07:00,2026-04-10T16:28:20-07:00,0,0
style.css,46,css,0eeb8b8d,Even Wu,2026-04-10,16:28:20,-07:00,2026-04-10T16:28:20-07:00,0,4
style.css,47,css,0eeb8b8d,Even Wu,2026-04-10,16:28:20,-07:00,2026-04-10T16:28:20-07:00,1,12
style.css,48,css,0eeb8b8d,Even Wu,2026-04-10,16:28:20,-07:00,2026-04-10T16:28:20-07:00,1,30
style.css,49,css,0eeb8b8d,Even Wu,2026-04-10,16:28:20,-07:00,2026-04-10T16:28:20-07:00,1,7
style.css,50,css,0eeb8b8d,Even Wu,2026-04-10,16:28:20,-07:00,2026-04-10T16:28:20-07:00,0,0
style.css,51,css,0eeb8b8d,Even Wu,2026-04-10,16:28:20,-07:00,2026-04-10T16:28:20-07:00,0,0
style.css,52,css,0eeb8b8d,Even Wu,2026-04-10,16:28:20,-07:00,2026-04-10T16:28:20-07:00,0,5
style.css,53,css,0eeb8b8d,Even Wu,2026-04-10,16:28:20,-07:00,2026-04-10T16:28:20-07:00,1,12
style.css,54,css,0eeb8b8d,Even Wu,2026-04-10,16:28:20,-07:00,2026-04-10T16:28:20-07:00,1,29
style.css,55,css,0eeb8b8d,Even Wu,2026-04-10,16:28:20,-07:00,2026-04-10T16:28:20-07:00,1,18
style.css,56,css,0eeb8b8d,Even Wu,2026-04-10,16:28:20,-07:00,2026-04-10T16:28:20-07:00,0,0
style.css,57,css,0eeb8b8d,Even Wu,2026-04-10,16:28:20,-07:00,2026-04-10T16:28:20-07:00,0,0
style.css,58,css,0eeb8b8d,Even Wu,2026-04-10,16:28:20,-07:00,2026-04-10T16:28:20-07:00,0,6
style.css,59,css,0eeb8b8d,Even Wu,2026-04-10,16:28:20,-07:00,2026-04-10T16:28:20-07:00,1,18
style.css,60,css,0eeb8b8d,Even Wu,2026-04-10,16:28:20,-07:00,2026-04-10T16:28:20-07:00,0,0
style.css,61,css,0eeb8b8d,Even Wu,2026-04-10,16:28:20,-07:00,2026-04-10T16:28:20-07:00,0,0
style.css,62,css,802c1fa7,Even Wu,2026-04-10,16:39:57,-07:00,2026-04-10T16:39:57-07:00,0,22
style.css,63,css,802c1fa7,Even Wu,2026-04-10,16:39:57,-07:00,2026-04-10T16:39:57-07:00,1,15
style.css,64,css,802c1fa7,Even Wu,2026-04-10,16:39:57,-07:00,2026-04-10T16:39:57-07:00,1,17
style.css,65,css,802c1fa7,Even Wu,2026-04-10,16:39:57,-07:00,2026-04-10T16:39:57-07:00,0,0
style.css,66,css,802c1fa7,Even Wu,2026-04-10,16:39:57,-07:00,2026-04-10T16:39:57-07:00,0,0
style.css,67,css,802c1fa7,Even Wu,2026-04-10,16:39:57,-07:00,2026-04-10T16:39:57-07:00,0,2
style.css,68,css,802c1fa7,Even Wu,2026-04-10,16:39:57,-07:00,2026-04-10T16:39:57-07:00,1,14
style.css,69,css,802c1fa7,Even Wu,2026-04-10,16:39:57,-07:00,2026-04-10T16:39:57-07:00,0,0
style.css,70,css,802c1fa7,Even Wu,2026-04-10,16:39:57,-07:00,2026-04-10T16:39:57-07:00,0,0
style.css,71,css,802c1fa7,Even Wu,2026-04-10,16:39:57,-07:00,2026-04-10T16:39:57-07:00,0,2
style.css,72,css,802c1fa7,Even Wu,2026-04-10,16:39:57,-07:00,2026-04-10T16:39:57-07:00,1,8
style.css,73,css,802c1fa7,Even Wu,2026-04-10,16:39:57,-07:00,2026-04-10T16:39:57-07:00,0,0
style.css,74,css,802c1fa7,Even Wu,2026-04-10,16:39:57,-07:00,2026-04-10T16:39:57-07:00,0,0
style.css,75,css,caedbfdd,Even Wu,2026-04-10,17:01:36,-07:00,2026-04-10T17:01:36-07:00,0,6
style.css,76,css,caedbfdd,Even Wu,2026-04-10,17:01:36,-07:00,2026-04-10T17:01:36-07:00,0,7
style.css,77,css,caedbfdd,Even Wu,2026-04-10,17:01:36,-07:00,2026-04-10T17:01:36-07:00,1,16
style.css,78,css,caedbfdd,Even Wu,2026-04-10,17:01:36,-07:00,2026-04-10T17:01:36-07:00,0,0
style.css,79,css,caedbfdd,Even Wu,2026-04-10,17:01:36,-07:00,2026-04-10T17:01:36-07:00,0,0
style.css,80,css,caedbfdd,Even Wu,2026-04-10,17:01:36,-07:00,2026-04-10T17:01:36-07:00,0,5
style.css,81,css,caedbfdd,Even Wu,2026-04-10,17:01:36,-07:00,2026-04-10T17:01:36-07:00,1,18
style.css,82,css,caedbfdd,Even Wu,2026-04-10,17:01:36,-07:00,2026-04-10T17:01:36-07:00,0,0
style.css,83,css,caedbfdd,Even Wu,2026-04-10,17:01:36,-07:00,2026-04-10T17:01:36-07:00,0,0
style.css,84,css,caedbfdd,Even Wu,2026-04-10,17:01:36,-07:00,2026-04-10T17:01:36-07:00,0,10
style.css,85,css,00000000,Not Committed Yet,2026-05-09,20:54:32,-07:00,2026-05-09T20:54:32-07:00,1,44
style.css,86,css,00000000,Not Committed Yet,2026-05-09,20:54:32,-07:00,2026-05-09T20:54:32-07:00,1,18
style.css,87,css,caedbfdd,Even Wu,2026-04-10,17:01:36,-07:00,2026-04-10T17:01:36-07:00,0,0
style.css,88,css,caedbfdd,Even Wu,2026-04-10,17:01:36,-07:00,2026-04-10T17:01:36-07:00,0,0
style.css,89,css,caedbfdd,Even Wu,2026-04-10,17:01:36,-07:00,2026-04-10T17:01:36-07:00,0,5
style.css,90,css,00000000,Not Committed Yet,2026-05-09,20:54:32,-07:00,2026-05-09T20:54:32-07:00,1,17
style.css,91,css,00000000,Not Committed Yet,2026-05-09,20:54:32,-07:00,2026-05-09T20:54:32-07:00,1,18
style.css,92,css,00000000,Not Committed Yet,2026-05-09,20:54:32,-07:00,2026-05-09T20:54:32-07:00,1,20
style.css,93,css,00000000,Not Committed Yet,2026-05-09,20:54:32,-07:00,2026-05-09T20:54:32-07:00,1,45
style.css,94,css,00000000,Not Committed Yet,2026-05-09,20:54:32,-07:00,2026-05-09T20:54:32-07:00,1,16
style.css,95,css,caedbfdd,Even Wu,2026-04-10,17:01:36,-07:00,2026-04-10T17:01:36-07:00,0,0
style.css,96,css,caedbfdd,Even Wu,2026-04-10,17:01:36,-07:00,2026-04-10T17:01:36-07:00,0,0
style.css,97,css,caedbfdd,Even Wu,2026-04-10,17:01:36,-07:00,2026-04-10T17:01:36-07:00,0,7
style.css,98,css,00000000,Not Committed Yet,2026-05-09,20:54:32,-07:00,2026-05-09T20:54:32-07:00,1,13
style.css,99,css,00000000,Not Committed Yet,2026-05-09,20:54:32,-07:00,2026-05-09T20:54:32-07:00,1,20
style.css,100,css,00000000,Not Committed Yet,2026-05-09,20:54:32,-07:00,2026-05-09T20:54:32-07:00,1,37
style.css,101,css,00000000,Not Committed Yet,2026-05-09,20:54:32,-07:00,2026-05-09T20:54:32-07:00,1,28
style.css,102,css,caedbfdd,Even Wu,2026-04-10,17:01:36,-07:00,2026-04-10T17:01:36-07:00,0,0
style.css,103,css,caedbfdd,Even Wu,2026-04-10,17:01:36,-07:00,2026-04-10T17:01:36-07:00,0,0
style.css,104,css,caedbfdd,Even Wu,2026-04-10,17:01:36,-07:00,2026-04-10T17:01:36-07:00,0,13
style.css,105,css,caedbfdd,Even Wu,2026-04-10,17:01:36,-07:00,2026-04-10T17:01:36-07:00,2,39
style.css,106,css,caedbfdd,Even Wu,2026-04-10,17:01:36,-07:00,2026-04-10T17:01:36-07:00,0,0
style.css,107,css,caedbfdd,Even Wu,2026-04-10,17:01:36,-07:00,2026-04-10T17:01:36-07:00,0,0
style.css,108,css,25685283,Even Wu,2026-04-17,16:54:08,-07:00,2026-04-17T16:54:08-07:00,0,4
style.css,109,css,25685283,Even Wu,2026-04-17,16:54:08,-07:00,2026-04-17T16:54:08-07:00,1,16
style.css,110,css,25685283,Even Wu,2026-04-17,16:54:08,-07:00,2026-04-17T16:54:08-07:00,0,0
style.css,111,css,25685283,Even Wu,2026-04-17,16:54:08,-07:00,2026-04-17T16:54:08-07:00,0,0
style.css,112,css,25685283,Even Wu,2026-04-17,16:54:08,-07:00,2026-04-17T16:54:08-07:00,0,13
style.css,113,css,25685283,Even Wu,2026-04-17,16:54:08,-07:00,2026-04-17T16:54:08-07:00,1,17
style.css,114,css,25685283,Even Wu,2026-04-17,16:54:08,-07:00,2026-04-17T16:54:08-07:00,1,8
style.css,115,css,25685283,Even Wu,2026-04-17,16:54:08,-07:00,2026-04-17T16:54:08-07:00,1,10
style.css,116,css,25685283,Even Wu,2026-04-17,16:54:08,-07:00,2026-04-17T16:54:08-07:00,1,13
style.css,117,css,25685283,Even Wu,2026-04-17,16:54:08,-07:00,2026-04-17T16:54:08-07:00,1,19
style.css,118,css,25685283,Even Wu,2026-04-17,16:54:08,-07:00,2026-04-17T16:54:08-07:00,0,0
style.css,119,css,802c1fa7,Even Wu,2026-04-10,16:39:57,-07:00,2026-04-10T16:39:57-07:00,0,0
style.css,120,css,4e277d2a,Even Wu,2026-05-02,23:43:21,-07:00,2026-05-02T23:43:21-07:00,0,9
style.css,121,css,4e277d2a,Even Wu,2026-05-02,23:43:21,-07:00,2026-05-02T23:43:21-07:00,1,12
style.css,122,css,4e277d2a,Even Wu,2026-05-02,23:43:21,-07:00,2026-05-02T23:43:21-07:00,1,58
style.css,123,css,4e277d2a,Even Wu,2026-05-02,23:43:21,-07:00,2026-05-02T23:43:21-07:00,1,7
style.css,124,css,4e277d2a,Even Wu,2026-05-02,23:43:21,-07:00,2026-05-02T23:43:21-07:00,0,0
style.css,125,css,4e277d2a,Even Wu,2026-05-02,23:43:21,-07:00,2026-05-02T23:43:21-07:00,0,0
style.css,126,css,4e277d2a,Even Wu,2026-05-02,23:43:21,-07:00,2026-05-02T23:43:21-07:00,0,17
style.css,127,css,4e277d2a,Even Wu,2026-05-02,23:43:21,-07:00,2026-05-02T23:43:21-07:00,1,57
style.css,128,css,4e277d2a,Even Wu,2026-05-02,23:43:21,-07:00,2026-05-02T23:43:21-07:00,1,58
style.css,129,css,4e277d2a,Even Wu,2026-05-02,23:43:21,-07:00,2026-05-02T23:43:21-07:00,1,15
style.css,130,css,4e277d2a,Even Wu,2026-05-02,23:43:21,-07:00,2026-05-02T23:43:21-07:00,1,21
style.css,131,css,4e277d2a,Even Wu,2026-05-02,23:43:21,-07:00,2026-05-02T23:43:21-07:00,1,37
style.css,132,css,4e277d2a,Even Wu,2026-05-02,23:43:21,-07:00,2026-05-02T23:43:21-07:00,0,0
style.css,133,css,4e277d2a,Even Wu,2026-05-02,23:43:21,-07:00,2026-05-02T23:43:21-07:00,0,0
style.css,134,css,4e277d2a,Even Wu,2026-05-02,23:43:21,-07:00,2026-05-02T23:43:21-07:00,0,17
style.css,135,css,4e277d2a,Even Wu,2026-05-02,23:43:21,-07:00,2026-05-02T23:43:21-07:00,1,12
style.css,136,css,4e277d2a,Even Wu,2026-05-02,23:43:21,-07:00,2026-05-02T23:43:21-07:00,1,14
style.css,137,css,4e277d2a,Even Wu,2026-05-02,23:43:21,-07:00,2026-05-02T23:43:21-07:00,0,0
style.css,138,css,4e277d2a,Even Wu,2026-05-02,23:43:21,-07:00,2026-05-02T23:43:21-07:00,0,0
style.css,139,css,4e277d2a,Even Wu,2026-05-02,23:43:21,-07:00,2026-05-02T23:43:21-07:00,0,0
style.css,140,css,4e277d2a,Even Wu,2026-05-02,23:43:21,-07:00,2026-05-02T23:43:21-07:00,0,12
style.css,141,css,4e277d2a,Even Wu,2026-05-02,23:43:21,-07:00,2026-05-02T23:43:21-07:00,1,8
style.css,142,css,4e277d2a,Even Wu,2026-05-02,23:43:21,-07:00,2026-05-02T23:43:21-07:00,0,0
style.css,143,css,4e277d2a,Even Wu,2026-05-02,23:43:21,-07:00,2026-05-02T23:43:21-07:00,0,0
style.css,144,css,af783489,Even Wu,2026-04-25,20:44:52,-07:00,2026-04-25T20:44:52-07:00,0,17
style.css,145,css,af783489,Even Wu,2026-04-25,20:44:52,-07:00,2026-04-25T20:44:52-07:00,1,12
style.css,146,css,af783489,Even Wu,2026-04-25,20:44:52,-07:00,2026-04-25T20:44:52-07:00,1,36
style.css,147,css,af783489,Even Wu,2026-04-25,20:44:52,-07:00,2026-04-25T20:44:52-07:00,1,13
style.css,148,css,af783489,Even Wu,2026-04-25,20:44:52,-07:00,2026-04-25T20:44:52-07:00,1,8
style.css,149,css,af783489,Even Wu,2026-04-25,20:44:52,-07:00,2026-04-25T20:44:52-07:00,0,0
style.css,150,css,af783489,Even Wu,2026-04-25,20:44:52,-07:00,2026-04-25T20:44:52-07:00,0,0
style.css,151,css,af783489,Even Wu,2026-04-25,20:44:52,-07:00,2026-04-25T20:44:52-07:00,0,17
style.css,152,css,af783489,Even Wu,2026-04-25,20:44:52,-07:00,2026-04-25T20:44:52-07:00,1,15
style.css,153,css,af783489,Even Wu,2026-04-25,20:44:52,-07:00,2026-04-25T20:44:52-07:00,1,13
style.css,154,css,af783489,Even Wu,2026-04-25,20:44:52,-07:00,2026-04-25T20:44:52-07:00,1,10
style.css,155,css,af783489,Even Wu,2026-04-25,20:44:52,-07:00,2026-04-25T20:44:52-07:00,0,0
style.css,156,css,af783489,Even Wu,2026-04-25,20:44:52,-07:00,2026-04-25T20:44:52-07:00,0,0
style.css,157,css,af783489,Even Wu,2026-04-25,20:44:52,-07:00,2026-04-25T20:44:52-07:00,0,0
style.css,158,css,af783489,Even Wu,2026-04-25,20:44:52,-07:00,2026-04-25T20:44:52-07:00,0,17
style.css,159,css,af783489,Even Wu,2026-04-25,20:44:52,-07:00,2026-04-25T20:44:52-07:00,1,8
style.css,160,css,af783489,Even Wu,2026-04-25,20:44:52,-07:00,2026-04-25T20:44:52-07:00,1,10
style.css,161,css,af783489,Even Wu,2026-04-25,20:44:52,-07:00,2026-04-25T20:44:52-07:00,0,0
style.css,162,css,af783489,Even Wu,2026-04-25,20:44:52,-07:00,2026-04-25T20:44:52-07:00,0,0
style.css,163,css,af783489,Even Wu,2026-04-25,20:44:52,-07:00,2026-04-25T20:44:52-07:00,0,14
style.css,164,css,af783489,Even Wu,2026-04-25,20:44:52,-07:00,2026-04-25T20:44:52-07:00,1,20
style.css,165,css,af783489,Even Wu,2026-04-25,20:44:52,-07:00,2026-04-25T20:44:52-07:00,0,0
style.css,166,css,af783489,Even Wu,2026-04-25,20:44:52,-07:00,2026-04-25T20:44:52-07:00,0,0
style.css,167,css,af783489,Even Wu,2026-04-25,20:44:52,-07:00,2026-04-25T20:44:52-07:00,0,17
style.css,168,css,af783489,Even Wu,2026-04-25,20:44:52,-07:00,2026-04-25T20:44:52-07:00,1,58
style.css,169,css,af783489,Even Wu,2026-04-25,20:44:52,-07:00,2026-04-25T20:44:52-07:00,1,15
style.css,170,css,af783489,Even Wu,2026-04-25,20:44:52,-07:00,2026-04-25T20:44:52-07:00,1,21
style.css,171,css,af783489,Even Wu,2026-04-25,20:44:52,-07:00,2026-04-25T20:44:52-07:00,1,37
style.css,172,css,5536570f,Even Wu,2026-04-28,18:02:20,-07:00,2026-04-28T18:02:20-07:00,0,0
style.css,173,css,5536570f,Even Wu,2026-04-28,18:02:20,-07:00,2026-04-28T18:02:20-07:00,0,0
style.css,174,css,5536570f,Even Wu,2026-04-28,18:02:20,-07:00,2026-04-28T18:02:20-07:00,0,23
style.css,175,css,5536570f,Even Wu,2026-04-28,18:02:20,-07:00,2026-04-28T18:02:20-07:00,1,26
style.css,176,css,5536570f,Even Wu,2026-04-28,18:02:20,-07:00,2026-04-28T18:02:20-07:00,1,38
style.css,177,css,5536570f,Even Wu,2026-04-28,18:02:20,-07:00,2026-04-28T18:02:20-07:00,0,0
style.css,178,css,5536570f,Even Wu,2026-04-28,18:02:20,-07:00,2026-04-28T18:02:20-07:00,0,0
style.css,179,css,5536570f,Even Wu,2026-04-28,18:02:20,-07:00,2026-04-28T18:02:20-07:00,0,21
style.css,180,css,5536570f,Even Wu,2026-04-28,18:02:20,-07:00,2026-04-28T18:02:20-07:00,1,10
style.css,181,css,5536570f,Even Wu,2026-04-28,18:02:20,-07:00,2026-04-28T18:02:20-07:00,1,12
style.css,182,css,5536570f,Even Wu,2026-04-28,18:02:20,-07:00,2026-04-28T18:02:20-07:00,1,16
style.css,183,css,5536570f,Even Wu,2026-04-28,18:02:20,-07:00,2026-04-28T18:02:20-07:00,1,20
style.css,184,css,5536570f,Even Wu,2026-04-28,18:02:20,-07:00,2026-04-28T18:02:20-07:00,1,13
style.css,185,css,5536570f,Even Wu,2026-04-28,18:02:20,-07:00,2026-04-28T18:02:20-07:00,1,21
style.css,186,css,5536570f,Even Wu,2026-04-28,18:02:20,-07:00,2026-04-28T18:02:20-07:00,0,0
style.css,187,css,5536570f,Even Wu,2026-04-28,18:02:20,-07:00,2026-04-28T18:02:20-07:00,0,0
style.css,188,css,5536570f,Even Wu,2026-04-28,18:02:20,-07:00,2026-04-28T18:02:20-07:00,0,19
style.css,189,css,5536570f,Even Wu,2026-04-28,18:02:20,-07:00,2026-04-28T18:02:20-07:00,0,20
style.css,190,css,5536570f,Even Wu,2026-04-28,18:02:20,-07:00,2026-04-28T18:02:20-07:00,1,19
style.css,191,css,5536570f,Even Wu,2026-04-28,18:02:20,-07:00,2026-04-28T18:02:20-07:00,0,0
style.css,192,css,4e277d2a,Even Wu,2026-05-02,23:43:21,-07:00,2026-05-02T23:43:21-07:00,0,0
style.css,193,css,4e277d2a,Even Wu,2026-05-02,23:43:21,-07:00,2026-05-02T23:43:21-07:00,0,13
style.css,194,css,4e277d2a,Even Wu,2026-05-02,23:43:21,-07:00,2026-05-02T23:43:21-07:00,1,15
style.css,195,css,4e277d2a,Even Wu,2026-05-02,23:43:21,-07:00,2026-05-02T23:43:21-07:00,1,23
style.css,196,css,4e277d2a,Even Wu,2026-05-02,23:43:21,-07:00,2026-05-02T23:43:21-07:00,1,34
style.css,197,css,4e277d2a,Even Wu,2026-05-02,23:43:21,-07:00,2026-05-02T23:43:21-07:00,1,10
style.css,198,css,4e277d2a,Even Wu,2026-05-02,23:43:21,-07:00,2026-05-02T23:43:21-07:00,0,0
style.css,199,css,4e277d2a,Even Wu,2026-05-02,23:43:21,-07:00,2026-05-02T23:43:21-07:00,0,0
style.css,200,css,4e277d2a,Even Wu,2026-05-02,23:43:21,-07:00,2026-05-02T23:43:21-07:00,0,18
style.css,201,css,4e277d2a,Even Wu,2026-05-02,23:43:21,-07:00,2026-05-02T23:43:21-07:00,1,14
style.css,202,css,4e277d2a,Even Wu,2026-05-02,23:43:21,-07:00,2026-05-02T23:43:21-07:00,1,16
style.css,203,css,4e277d2a,Even Wu,2026-05-02,23:43:21,-07:00,2026-05-02T23:43:21-07:00,1,16
style.css,204,css,4e277d2a,Even Wu,2026-05-02,23:43:21,-07:00,2026-05-02T23:43:21-07:00,1,13
style.css,205,css,4e277d2a,Even Wu,2026-05-02,23:43:21,-07:00,2026-05-02T23:43:21-07:00,0,0
style.css,206,css,4e277d2a,Even Wu,2026-05-02,23:43:21,-07:00,2026-05-02T23:43:21-07:00,0,0
style.css,207,css,4e277d2a,Even Wu,2026-05-02,23:43:21,-07:00,2026-05-02T23:43:21-07:00,0,7
style.css,208,css,4e277d2a,Even Wu,2026-05-02,23:43:21,-07:00,2026-05-02T23:43:21-07:00,1,12
style.css,209,css,4e277d2a,Even Wu,2026-05-02,23:43:21,-07:00,2026-05-02T23:43:21-07:00,1,14
style.css,210,css,4e277d2a,Even Wu,2026-05-02,23:43:21,-07:00,2026-05-02T23:43:21-07:00,1,13
style.css,211,css,4e277d2a,Even Wu,2026-05-02,23:43:21,-07:00,2026-05-02T23:43:21-07:00,1,15
style.css,212,css,4e277d2a,Even Wu,2026-05-02,23:43:21,-07:00,2026-05-02T23:43:21-07:00,1,9
style.css,213,css,4e277d2a,Even Wu,2026-05-02,23:43:21,-07:00,2026-05-02T23:43:21-07:00,1,13
style.css,214,css,4e277d2a,Even Wu,2026-05-02,23:43:21,-07:00,2026-05-02T23:43:21-07:00,0,0
style.css,215,css,4e277d2a,Even Wu,2026-05-02,23:43:21,-07:00,2026-05-02T23:43:21-07:00,0,0
style.css,216,css,4e277d2a,Even Wu,2026-05-02,23:43:21,-07:00,2026-05-02T23:43:21-07:00,0,10
style.css,217,css,4e277d2a,Even Wu,2026-05-02,23:43:21,-07:00,2026-05-02T23:43:21-07:00,1,12
style.css,218,css,4e277d2a,Even Wu,2026-05-02,23:43:21,-07:00,2026-05-02T23:43:21-07:00,1,18
style.css,219,css,4e277d2a,Even Wu,2026-05-02,23:43:21,-07:00,2026-05-02T23:43:21-07:00,1,10
style.css,220,css,4e277d2a,Even Wu,2026-05-02,23:43:21,-07:00,2026-05-02T23:43:21-07:00,0,0
style.css,221,css,4e277d2a,Even Wu,2026-05-02,23:43:21,-07:00,2026-05-02T23:43:21-07:00,0,0
style.css,222,css,4e277d2a,Even Wu,2026-05-02,23:43:21,-07:00,2026-05-02T23:43:21-07:00,0,14
style.css,223,css,4e277d2a,Even Wu,2026-05-02,23:43:21,-07:00,2026-05-02T23:43:21-07:00,1,12
style.css,224,css,4e277d2a,Even Wu,2026-05-02,23:43:21,-07:00,2026-05-02T23:43:21-07:00,1,13
style.css,225,css,4e277d2a,Even Wu,2026-05-02,23:43:21,-07:00,2026-05-02T23:43:21-07:00,1,18
style.css,226,css,4e277d2a,Even Wu,2026-05-02,23:43:21,-07:00,2026-05-02T23:43:21-07:00,1,29
style.css,227,css,4e277d2a,Even Wu,2026-05-02,23:43:21,-07:00,2026-05-02T23:43:21-07:00,1,17
style.css,228,css,4e277d2a,Even Wu,2026-05-02,23:43:21,-07:00,2026-05-02T23:43:21-07:00,0,0
style.css,229,css,4e277d2a,Even Wu,2026-05-02,23:43:21,-07:00,2026-05-02T23:43:21-07:00,0,0
style.css,230,css,4e277d2a,Even Wu,2026-05-02,23:43:21,-07:00,2026-05-02T23:43:21-07:00,0,17
style.css,231,css,4e277d2a,Even Wu,2026-05-02,23:43:21,-07:00,2026-05-02T23:43:21-07:00,1,24
style.css,232,css,4e277d2a,Even Wu,2026-05-02,23:43:21,-07:00,2026-05-02T23:43:21-07:00,1,17
style.css,233,css,4e277d2a,Even Wu,2026-05-02,23:43:21,-07:00,2026-05-02T23:43:21-07:00,1,20
style.css,234,css,4e277d2a,Even Wu,2026-05-02,23:43:21,-07:00,2026-05-02T23:43:21-07:00,1,58
style.css,235,css,4e277d2a,Even Wu,2026-05-02,23:43:21,-07:00,2026-05-02T23:43:21-07:00,0,0
style.css,236,css,4e277d2a,Even Wu,2026-05-02,23:43:21,-07:00,2026-05-02T23:43:21-07:00,0,0
style.css,237,css,4e277d2a,Even Wu,2026-05-02,23:43:21,-07:00,2026-05-02T23:43:21-07:00,0,0
style.css,238,css,4e277d2a,Even Wu,2026-05-02,23:43:21,-07:00,2026-05-02T23:43:21-07:00,0,21
style.css,239,css,4e277d2a,Even Wu,2026-05-02,23:43:21,-07:00,2026-05-02T23:43:21-07:00,1,12
style.css,240,css,4e277d2a,Even Wu,2026-05-02,23:43:21,-07:00,2026-05-02T23:43:21-07:00,1,18
style.css,241,css,4e277d2a,Even Wu,2026-05-02,23:43:21,-07:00,2026-05-02T23:43:21-07:00,1,8
style.css,242,css,4e277d2a,Even Wu,2026-05-02,23:43:21,-07:00,2026-05-02T23:43:21-07:00,0,0
style.css,243,css,4e277d2a,Even Wu,2026-05-02,23:43:21,-07:00,2026-05-02T23:43:21-07:00,0,0
style.css,244,css,4e277d2a,Even Wu,2026-05-02,23:43:21,-07:00,2026-05-02T23:43:21-07:00,0,51
style.css,245,css,4e277d2a,Even Wu,2026-05-02,23:43:21,-07:00,2026-05-02T23:43:21-07:00,1,11
style.css,246,css,4e277d2a,Even Wu,2026-05-02,23:43:21,-07:00,2026-05-02T23:43:21-07:00,0,0
style.css,247,css,4e277d2a,Even Wu,2026-05-02,23:43:21,-07:00,2026-05-02T23:43:21-07:00,0,0
style.css,248,css,4e277d2a,Even Wu,2026-05-02,23:43:21,-07:00,2026-05-02T23:43:21-07:00,0,23
style.css,249,css,4e277d2a,Even Wu,2026-05-02,23:43:21,-07:00,2026-05-02T23:43:21-07:00,1,16
style.css,250,css,4e277d2a,Even Wu,2026-05-02,23:43:21,-07:00,2026-05-02T23:43:21-07:00,1,14
style.css,251,css,4e277d2a,Even Wu,2026-05-02,23:43:21,-07:00,2026-05-02T23:43:21-07:00,0,0
style.css,252,css,4e277d2a,Even Wu,2026-05-02,23:43:21,-07:00,2026-05-02T23:43:21-07:00,0,0
style.css,253,css,4e277d2a,Even Wu,2026-05-02,23:43:21,-07:00,2026-05-02T23:43:21-07:00,0,9
style.css,254,css,4e277d2a,Even Wu,2026-05-02,23:43:21,-07:00,2026-05-02T23:43:21-07:00,1,35
style.css,255,css,4e277d2a,Even Wu,2026-05-02,23:43:21,-07:00,2026-05-02T23:43:21-07:00,0,0
style.css,256,css,4e277d2a,Even Wu,2026-05-02,23:43:21,-07:00,2026-05-02T23:43:21-07:00,1,10
style.css,257,css,4e277d2a,Even Wu,2026-05-02,23:43:21,-07:00,2026-05-02T23:43:21-07:00,2,17
style.css,258,css,4e277d2a,Even Wu,2026-05-02,23:43:21,-07:00,2026-05-02T23:43:21-07:00,1,0
style.css,259,css,4e277d2a,Even Wu,2026-05-02,23:43:21,-07:00,2026-05-02T23:43:21-07:00,0,0
style.css,260,css,4e277d2a,Even Wu,2026-05-02,23:43:21,-07:00,2026-05-02T23:43:21-07:00,0,0
style.css,261,css,4e277d2a,Even Wu,2026-05-02,23:43:21,-07:00,2026-05-02T23:43:21-07:00,0,10
style.css,262,css,4e277d2a,Even Wu,2026-05-02,23:43:21,-07:00,2026-05-02T23:43:21-07:00,1,51
style.css,263,css,4e277d2a,Even Wu,2026-05-02,23:43:21,-07:00,2026-05-02T23:43:21-07:00,1,69
style.css,264,css,4e277d2a,Even Wu,2026-05-02,23:43:21,-07:00,2026-05-02T23:43:21-07:00,1,18
style.css,265,css,4e277d2a,Even Wu,2026-05-02,23:43:21,-07:00,2026-05-02T23:43:21-07:00,1,19
style.css,266,css,4e277d2a,Even Wu,2026-05-02,23:43:21,-07:00,2026-05-02T23:43:21-07:00,1,34
style.css,267,css,4e277d2a,Even Wu,2026-05-02,23:43:21,-07:00,2026-05-02T23:43:21-07:00,1,23
style.css,268,css,4e277d2a,Even Wu,2026-05-02,23:43:21,-07:00,2026-05-02T23:43:21-07:00,1,16
style.css,269,css,4e277d2a,Even Wu,2026-05-02,23:43:21,-07:00,2026-05-02T23:43:21-07:00,1,14
style.css,270,css,4e277d2a,Even Wu,2026-05-02,23:43:21,-07:00,2026-05-02T23:43:21-07:00,0,0
style.css,271,css,4e277d2a,Even Wu,2026-05-02,23:43:21,-07:00,2026-05-02T23:43:21-07:00,1,71
style.css,272,css,4e277d2a,Even Wu,2026-05-02,23:43:21,-07:00,2026-05-02T23:43:21-07:00,0,0
style.css,273,css,4e277d2a,Even Wu,2026-05-02,23:43:21,-07:00,2026-05-02T23:43:21-07:00,0,0
style.css,274,css,4e277d2a,Even Wu,2026-05-02,23:43:21,-07:00,2026-05-02T23:43:21-07:00,0,16
style.css,275,css,4e277d2a,Even Wu,2026-05-02,23:43:21,-07:00,2026-05-02T23:43:21-07:00,1,30
style.css,276,css,4e277d2a,Even Wu,2026-05-02,23:43:21,-07:00,2026-05-02T23:43:21-07:00,0,0
style.css,277,css,4e277d2a,Even Wu,2026-05-02,23:43:21,-07:00,2026-05-02T23:43:21-07:00,0,0
style.css,278,css,4e277d2a,Even Wu,2026-05-02,23:43:21,-07:00,2026-05-02T23:43:21-07:00,0,16
style.css,279,css,4e277d2a,Even Wu,2026-05-02,23:43:21,-07:00,2026-05-02T23:43:21-07:00,1,12
style.css,280,css,4e277d2a,Even Wu,2026-05-02,23:43:21,-07:00,2026-05-02T23:43:21-07:00,1,31
style.css,281,css,4e277d2a,Even Wu,2026-05-02,23:43:21,-07:00,2026-05-02T23:43:21-07:00,1,45
style.css,282,css,4e277d2a,Even Wu,2026-05-02,23:43:21,-07:00,2026-05-02T23:43:21-07:00,0,0
style.css,283,css,4e277d2a,Even Wu,2026-05-02,23:43:21,-07:00,2026-05-02T23:43:21-07:00,0,0
style.css,284,css,4e277d2a,Even Wu,2026-05-02,23:43:21,-07:00,2026-05-02T23:43:21-07:00,0,23
style.css,285,css,4e277d2a,Even Wu,2026-05-02,23:43:21,-07:00,2026-05-02T23:43:21-07:00,1,16
style.css,286,css,4e277d2a,Even Wu,2026-05-02,23:43:21,-07:00,2026-05-02T23:43:21-07:00,1,11
style.css,287,css,4e277d2a,Even Wu,2026-05-02,23:43:21,-07:00,2026-05-02T23:43:21-07:00,0,0
index.js,1,js,af783489,Even Wu,2026-04-25,20:44:52,-07:00,2026-04-25T20:44:52-07:00,0,71
index.js,2,js,af783489,Even Wu,2026-04-25,20:44:52,-07:00,2026-04-25T20:44:52-07:00,0,0
index.js,3,js,af783489,Even Wu,2026-04-25,20:44:52,-07:00,2026-04-25T20:44:52-07:00,0,54
index.js,4,js,af783489,Even Wu,2026-04-25,20:44:52,-07:00,2026-04-25T20:44:52-07:00,0,42
index.js,5,js,af783489,Even Wu,2026-04-25,20:44:52,-07:00,2026-04-25T20:44:52-07:00,0,60
index.js,6,js,af783489,Even Wu,2026-04-25,20:44:52,-07:00,2026-04-25T20:44:52-07:00,0,54
index.js,7,js,af783489,Even Wu,2026-04-25,20:44:52,-07:00,2026-04-25T20:44:52-07:00,0,0
index.js,8,js,af783489,Even Wu,2026-04-25,20:44:52,-07:00,2026-04-25T20:44:52-07:00,0,23
index.js,9,js,af783489,Even Wu,2026-04-25,20:44:52,-07:00,2026-04-25T20:44:52-07:00,0,49
index.js,10,js,af783489,Even Wu,2026-04-25,20:44:52,-07:00,2026-04-25T20:44:52-07:00,0,60
index.js,11,js,af783489,Even Wu,2026-04-25,20:44:52,-07:00,2026-04-25T20:44:52-07:00,0,0
index.js,12,js,af783489,Even Wu,2026-04-25,20:44:52,-07:00,2026-04-25T20:44:52-07:00,0,17
index.js,13,js,af783489,Even Wu,2026-04-25,20:44:52,-07:00,2026-04-25T20:44:52-07:00,1,24
index.js,14,js,af783489,Even Wu,2026-04-25,20:44:52,-07:00,2026-04-25T20:44:52-07:00,2,2
index.js,15,js,af783489,Even Wu,2026-04-25,20:44:52,-07:00,2026-04-25T20:44:52-07:00,3,49
index.js,16,js,af783489,Even Wu,2026-04-25,20:44:52,-07:00,2026-04-25T20:44:52-07:00,3,49
index.js,17,js,af783489,Even Wu,2026-04-25,20:44:52,-07:00,2026-04-25T20:44:52-07:00,3,55
index.js,18,js,af783489,Even Wu,2026-04-25,20:44:52,-07:00,2026-04-25T20:44:52-07:00,3,55
index.js,19,js,af783489,Even Wu,2026-04-25,20:44:52,-07:00,2026-04-25T20:44:52-07:00,2,3
index.js,20,js,af783489,Even Wu,2026-04-25,20:44:52,-07:00,2026-04-25T20:44:52-07:00,1,0
index.js,21,js,af783489,Even Wu,2026-04-25,20:44:52,-07:00,2026-04-25T20:44:52-07:00,0,0
index.html,1,html,2342bc58,Even Wu,2026-04-03,13:27:01,-07:00,2026-04-03T13:27:01-07:00,0,13
index.html,2,html,2342bc58,Even Wu,2026-04-03,13:27:01,-07:00,2026-04-03T13:27:01-07:00,0,14
index.html,3,html,2342bc58,Even Wu,2026-04-03,13:27:01,-07:00,2026-04-03T13:27:01-07:00,0,4
index.html,4,html,0a83ea01,Even Wu,2026-04-17,15:10:15,-07:00,2026-04-17T15:10:15-07:00,2,45
index.html,5,html,2342bc58,Even Wu,2026-04-03,13:27:01,-07:00,2026-04-03T13:27:01-07:00,2,20
index.html,6,html,2342bc58,Even Wu,2026-04-03,13:27:01,-07:00,2026-04-03T13:27:01-07:00,2,68
index.html,7,html,2342bc58,Even Wu,2026-04-03,13:27:01,-07:00,2026-04-03T13:27:01-07:00,2,49
index.html,8,html,12cf7b25,Even Wu,2026-04-17,16:00:58,-07:00,2026-04-17T16:00:58-07:00,2,0
index.html,9,html,2342bc58,Even Wu,2026-04-03,13:27:01,-07:00,2026-04-03T13:27:01-07:00,2,14
index.html,10,html,3a37c114,Even Wu,2026-04-10,16:07:26,-07:00,2026-04-10T16:07:26-07:00,2,38
index.html,11,html,3a37c114,Even Wu,2026-04-10,16:07:26,-07:00,2026-04-10T16:07:26-07:00,0,5
index.html,12,html,3a37c114,Even Wu,2026-04-10,16:07:26,-07:00,2026-04-10T16:07:26-07:00,0,4
index.html,13,html,56ed5f90,Even Wu,2026-04-03,16:02:30,-07:00,2026-04-03T16:02:30-07:00,2,1
index.html,14,html,56ed5f90,Even Wu,2026-04-03,16:02:30,-07:00,2026-04-03T16:02:30-07:00,4,69
index.html,15,html,56ed5f90,Even Wu,2026-04-03,16:02:30,-07:00,2026-04-03T16:02:30-07:00,4,67
index.html,16,html,56ed5f90,Even Wu,2026-04-03,16:02:30,-07:00,2026-04-03T16:02:30-07:00,4,61
index.html,17,html,56ed5f90,Even Wu,2026-04-03,16:02:30,-07:00,2026-04-03T16:02:30-07:00,4,68
index.html,18,html,56ed5f90,Even Wu,2026-04-03,16:02:30,-07:00,2026-04-03T16:02:30-07:00,4,8
index.html,19,html,56ed5f90,Even Wu,2026-04-03,16:02:30,-07:00,2026-04-03T16:02:30-07:00,2,2
index.html,20,html,c78280f2,Even Wu,2026-04-03,13:46:21,-07:00,2026-04-03T13:46:21-07:00,2,82
index.html,21,html,af783489,Even Wu,2026-04-25,20:44:52,-07:00,2026-04-25T20:44:52-07:00,0,0
index.html,22,html,af783489,Even Wu,2026-04-25,20:44:52,-07:00,2026-04-25T20:44:52-07:00,2,23
index.html,23,html,af783489,Even Wu,2026-04-25,20:44:52,-07:00,2026-04-25T20:44:52-07:00,2,26
index.html,24,html,af783489,Even Wu,2026-04-25,20:44:52,-07:00,2026-04-25T20:44:52-07:00,0,0
index.html,25,html,af783489,Even Wu,2026-04-25,20:44:52,-07:00,2026-04-25T20:44:52-07:00,2,22
index.html,26,html,af783489,Even Wu,2026-04-25,20:44:52,-07:00,2026-04-25T20:44:52-07:00,2,28
index.html,27,html,af783489,Even Wu,2026-04-25,20:44:52,-07:00,2026-04-25T20:44:52-07:00,0,0
index.html,28,html,af783489,Even Wu,2026-04-25,20:44:52,-07:00,2026-04-25T20:44:52-07:00,0,0
index.html,29,html,af783489,Even Wu,2026-04-25,20:44:52,-07:00,2026-04-25T20:44:52-07:00,2,50
index.html,30,html,af783489,Even Wu,2026-04-25,20:44:52,-07:00,2026-04-25T20:44:52-07:00,0,0
index.html,31,html,2342bc58,Even Wu,2026-04-03,13:27:01,-07:00,2026-04-03T13:27:01-07:00,0,5
index.html,32,html,af783489,Even Wu,2026-04-25,20:44:52,-07:00,2026-04-25T20:44:52-07:00,0,5
global.js,1,js,0a83ea01,Even Wu,2026-04-17,15:10:15,-07:00,2026-04-17T15:10:15-07:00,0,25
global.js,2,js,0a83ea01,Even Wu,2026-04-17,15:10:15,-07:00,2026-04-17T15:10:15-07:00,0,0
global.js,3,js,0a83ea01,Even Wu,2026-04-17,15:10:15,-07:00,2026-04-17T15:10:15-07:00,0,41
global.js,4,js,0a83ea01,Even Wu,2026-04-17,15:10:15,-07:00,2026-04-17T15:10:15-07:00,1,52
global.js,5,js,0a83ea01,Even Wu,2026-04-17,15:10:15,-07:00,2026-04-17T15:10:15-07:00,0,0
global.js,6,js,a9e1b176,Even Wu,2026-04-17,15:25:05,-07:00,2026-04-17T15:25:05-07:00,0,0
global.js,7,js,12cf7b25,Even Wu,2026-04-17,16:00:58,-07:00,2026-04-17T16:00:58-07:00,0,11
global.js,8,js,12cf7b25,Even Wu,2026-04-17,16:00:58,-07:00,2026-04-17T16:00:58-07:00,1,25
global.js,9,js,12cf7b25,Even Wu,2026-04-17,16:00:58,-07:00,2026-04-17T16:00:58-07:00,1,38
global.js,10,js,84faa0b2,Even Wu,2026-04-17,16:56:52,-07:00,2026-04-17T16:56:52-07:00,1,36
global.js,11,js,84faa0b2,Even Wu,2026-04-17,16:56:52,-07:00,2026-04-17T16:56:52-07:00,1,34
global.js,12,js,00000000,Not Committed Yet,2026-05-09,20:54:32,-07:00,2026-05-09T20:54:32-07:00,1,30
global.js,13,js,12cf7b25,Even Wu,2026-04-17,16:00:58,-07:00,2026-04-17T16:00:58-07:00,1,51
global.js,14,js,12cf7b25,Even Wu,2026-04-17,16:00:58,-07:00,2026-04-17T16:00:58-07:00,0,0
global.js,15,js,12cf7b25,Even Wu,2026-04-17,16:00:58,-07:00,2026-04-17T16:00:58-07:00,0,0
global.js,16,js,12cf7b25,Even Wu,2026-04-17,16:00:58,-07:00,2026-04-17T16:00:58-07:00,0,38
global.js,17,js,12cf7b25,Even Wu,2026-04-17,16:00:58,-07:00,2026-04-17T16:00:58-07:00,0,25
global.js,18,js,12cf7b25,Even Wu,2026-04-17,16:00:58,-07:00,2026-04-17T16:00:58-07:00,0,0
global.js,19,js,12cf7b25,Even Wu,2026-04-17,16:00:58,-07:00,2026-04-17T16:00:58-07:00,0,88
global.js,20,js,b6ee1a61,Even Wu,2026-04-17,16:07:44,-07:00,2026-04-17T16:07:44-07:00,1,3
global.js,21,js,b6ee1a61,Even Wu,2026-04-17,16:07:44,-07:00,2026-04-17T16:07:44-07:00,1,14
global.js,22,js,12cf7b25,Even Wu,2026-04-17,16:00:58,-07:00,2026-04-17T16:00:58-07:00,0,0
global.js,23,js,12cf7b25,Even Wu,2026-04-17,16:00:58,-07:00,2026-04-17T16:00:58-07:00,0,0
global.js,24,js,12cf7b25,Even Wu,2026-04-17,16:00:58,-07:00,2026-04-17T16:00:58-07:00,0,20
global.js,25,js,12cf7b25,Even Wu,2026-04-17,16:00:58,-07:00,2026-04-17T16:00:58-07:00,1,14
global.js,26,js,12cf7b25,Even Wu,2026-04-17,16:00:58,-07:00,2026-04-17T16:00:58-07:00,1,18
global.js,27,js,25685283,Even Wu,2026-04-17,16:54:08,-07:00,2026-04-17T16:54:08-07:00,0,0
global.js,28,js,12cf7b25,Even Wu,2026-04-17,16:00:58,-07:00,2026-04-17T16:00:58-07:00,1,52
global.js,29,js,25685283,Even Wu,2026-04-17,16:54:08,-07:00,2026-04-17T16:54:08-07:00,0,0
global.js,30,js,25685283,Even Wu,2026-04-17,16:54:08,-07:00,2026-04-17T16:54:08-07:00,1,34
global.js,31,js,25685283,Even Wu,2026-04-17,16:54:08,-07:00,2026-04-17T16:54:08-07:00,1,11
global.js,32,js,25685283,Even Wu,2026-04-17,16:54:08,-07:00,2026-04-17T16:54:08-07:00,1,20
global.js,33,js,25685283,Even Wu,2026-04-17,16:54:08,-07:00,2026-04-17T16:54:08-07:00,1,12
global.js,34,js,25685283,Even Wu,2026-04-17,16:54:08,-07:00,2026-04-17T16:54:08-07:00,0,0
global.js,35,js,25685283,Even Wu,2026-04-17,16:54:08,-07:00,2026-04-17T16:54:08-07:00,1,65
global.js,36,js,25685283,Even Wu,2026-04-17,16:54:08,-07:00,2026-04-17T16:54:08-07:00,2,25
global.js,37,js,25685283,Even Wu,2026-04-17,16:54:08,-07:00,2026-04-17T16:54:08-07:00,1,0
global.js,38,js,25685283,Even Wu,2026-04-17,16:54:08,-07:00,2026-04-17T16:54:08-07:00,0,0
global.js,39,js,25685283,Even Wu,2026-04-17,16:54:08,-07:00,2026-04-17T16:54:08-07:00,1,29
global.js,40,js,25685283,Even Wu,2026-04-17,16:54:08,-07:00,2026-04-17T16:54:08-07:00,2,18
global.js,41,js,25685283,Even Wu,2026-04-17,16:54:08,-07:00,2026-04-17T16:54:08-07:00,1,0
global.js,42,js,12cf7b25,Even Wu,2026-04-17,16:00:58,-07:00,2026-04-17T16:00:58-07:00,0,0
global.js,43,js,a9e1b176,Even Wu,2026-04-17,15:25:05,-07:00,2026-04-17T15:25:05-07:00,0,0
global.js,44,js,25685283,Even Wu,2026-04-17,16:54:08,-07:00,2026-04-17T16:54:08-07:00,0,31
global.js,45,js,25685283,Even Wu,2026-04-17,16:54:08,-07:00,2026-04-17T16:54:08-07:00,1,11
global.js,46,js,25685283,Even Wu,2026-04-17,16:54:08,-07:00,2026-04-17T16:54:08-07:00,1,0
global.js,47,js,25685283,Even Wu,2026-04-17,16:54:08,-07:00,2026-04-17T16:54:08-07:00,2,26
global.js,48,js,25685283,Even Wu,2026-04-17,16:54:08,-07:00,2026-04-17T16:54:08-07:00,4,4
global.js,49,js,25685283,Even Wu,2026-04-17,16:54:08,-07:00,2026-04-17T16:54:08-07:00,4,24
global.js,50,js,25685283,Even Wu,2026-04-17,16:54:08,-07:00,2026-04-17T16:54:08-07:00,6,43
global.js,51,js,25685283,Even Wu,2026-04-17,16:54:08,-07:00,2026-04-17T16:54:08-07:00,6,34
global.js,52,js,25685283,Even Wu,2026-04-17,16:54:08,-07:00,2026-04-17T16:54:08-07:00,6,32
global.js,53,js,25685283,Even Wu,2026-04-17,16:54:08,-07:00,2026-04-17T16:54:08-07:00,4,7
global.js,54,js,25685283,Even Wu,2026-04-17,16:54:08,-07:00,2026-04-17T16:54:08-07:00,2,8
global.js,55,js,25685283,Even Wu,2026-04-17,16:54:08,-07:00,2026-04-17T16:54:08-07:00,0,0
global.js,56,js,25685283,Even Wu,2026-04-17,16:54:08,-07:00,2026-04-17T16:54:08-07:00,0,0
global.js,57,js,25685283,Even Wu,2026-04-17,16:54:08,-07:00,2026-04-17T16:54:08-07:00,0,60
global.js,58,js,25685283,Even Wu,2026-04-17,16:54:08,-07:00,2026-04-17T16:54:08-07:00,0,0
global.js,59,js,25685283,Even Wu,2026-04-17,16:54:08,-07:00,2026-04-17T16:54:08-07:00,0,34
global.js,60,js,25685283,Even Wu,2026-04-17,16:54:08,-07:00,2026-04-17T16:54:08-07:00,1,68
global.js,61,js,25685283,Even Wu,2026-04-17,16:54:08,-07:00,2026-04-17T16:54:08-07:00,1,38
global.js,62,js,25685283,Even Wu,2026-04-17,16:54:08,-07:00,2026-04-17T16:54:08-07:00,0,0
global.js,63,js,25685283,Even Wu,2026-04-17,16:54:08,-07:00,2026-04-17T16:54:08-07:00,0,0
global.js,64,js,25685283,Even Wu,2026-04-17,16:54:08,-07:00,2026-04-17T16:54:08-07:00,0,43
global.js,65,js,25685283,Even Wu,2026-04-17,16:54:08,-07:00,2026-04-17T16:54:08-07:00,1,31
global.js,66,js,25685283,Even Wu,2026-04-17,16:54:08,-07:00,2026-04-17T16:54:08-07:00,0,0
global.js,67,js,25685283,Even Wu,2026-04-17,16:54:08,-07:00,2026-04-17T16:54:08-07:00,1,49
global.js,68,js,25685283,Even Wu,2026-04-17,16:54:08,-07:00,2026-04-17T16:54:08-07:00,0,0
global.js,69,js,25685283,Even Wu,2026-04-17,16:54:08,-07:00,2026-04-17T16:54:08-07:00,1,31
global.js,70,js,25685283,Even Wu,2026-04-17,16:54:08,-07:00,2026-04-17T16:54:08-07:00,0,0
global.js,71,js,25685283,Even Wu,2026-04-17,16:54:08,-07:00,2026-04-17T16:54:08-07:00,1,44
global.js,72,js,25685283,Even Wu,2026-04-17,16:54:08,-07:00,2026-04-17T16:54:08-07:00,0,1
global.js,73,js,25685283,Even Wu,2026-04-17,16:54:08,-07:00,2026-04-17T16:54:08-07:00,0,0
global.js,74,js,665196de,Even Wu,2026-04-17,17:20:44,-07:00,2026-04-17T17:20:44-07:00,0,40
global.js,75,js,665196de,Even Wu,2026-04-17,17:20:44,-07:00,2026-04-17T17:20:44-07:00,0,0
global.js,76,js,665196de,Even Wu,2026-04-17,17:20:44,-07:00,2026-04-17T17:20:44-07:00,0,49
global.js,77,js,665196de,Even Wu,2026-04-17,17:20:44,-07:00,2026-04-17T17:20:44-07:00,2,21
global.js,78,js,665196de,Even Wu,2026-04-17,17:20:44,-07:00,2026-04-17T17:20:44-07:00,0,0
global.js,79,js,665196de,Even Wu,2026-04-17,17:20:44,-07:00,2026-04-17T17:20:44-07:00,2,28
global.js,80,js,665196de,Even Wu,2026-04-17,17:20:44,-07:00,2026-04-17T17:20:44-07:00,0,0
global.js,81,js,665196de,Even Wu,2026-04-17,17:20:44,-07:00,2026-04-17T17:20:44-07:00,2,26
global.js,82,js,665196de,Even Wu,2026-04-17,17:20:44,-07:00,2026-04-17T17:20:44-07:00,0,0
global.js,83,js,665196de,Even Wu,2026-04-17,17:20:44,-07:00,2026-04-17T17:20:44-07:00,2,52
global.js,84,js,665196de,Even Wu,2026-04-17,17:20:44,-07:00,2026-04-17T17:20:44-07:00,2,52
global.js,85,js,665196de,Even Wu,2026-04-17,17:20:44,-07:00,2026-04-17T17:20:44-07:00,0,0
global.js,86,js,665196de,Even Wu,2026-04-17,17:20:44,-07:00,2026-04-17T17:20:44-07:00,2,42
global.js,87,js,665196de,Even Wu,2026-04-17,17:20:44,-07:00,2026-04-17T17:20:44-07:00,0,0
global.js,88,js,665196de,Even Wu,2026-04-17,17:20:44,-07:00,2026-04-17T17:20:44-07:00,2,18
global.js,89,js,665196de,Even Wu,2026-04-17,17:20:44,-07:00,2026-04-17T17:20:44-07:00,0,1
global.js,90,js,665196de,Even Wu,2026-04-17,17:20:44,-07:00,2026-04-17T17:20:44-07:00,0,0
global.js,91,js,fe1e1cee,Even Wu,2026-04-24,20:51:09,-07:00,2026-04-24T20:51:09-07:00,0,36
global.js,92,js,fe1e1cee,Even Wu,2026-04-24,20:51:09,-07:00,2026-04-24T20:51:09-07:00,1,3
global.js,93,js,fe1e1cee,Even Wu,2026-04-24,20:51:09,-07:00,2026-04-24T20:51:09-07:00,2,39
global.js,94,js,fe1e1cee,Even Wu,2026-04-24,20:51:09,-07:00,2026-04-24T20:51:09-07:00,2,32
global.js,95,js,fe1e1cee,Even Wu,2026-04-24,20:51:09,-07:00,2026-04-24T20:51:09-07:00,0,0
global.js,96,js,fe1e1cee,Even Wu,2026-04-24,20:51:09,-07:00,2026-04-24T20:51:09-07:00,2,22
global.js,97,js,fe1e1cee,Even Wu,2026-04-24,20:51:09,-07:00,2026-04-24T20:51:09-07:00,2,17
global.js,98,js,fe1e1cee,Even Wu,2026-04-24,20:51:09,-07:00,2026-04-24T20:51:09-07:00,3,66
global.js,99,js,fe1e1cee,Even Wu,2026-04-24,20:51:09,-07:00,2026-04-24T20:51:09-07:00,2,0
global.js,100,js,fe1e1cee,Even Wu,2026-04-24,20:51:09,-07:00,2026-04-24T20:51:09-07:00,0,0
global.js,101,js,fe1e1cee,Even Wu,2026-04-24,20:51:09,-07:00,2026-04-24T20:51:09-07:00,2,11
global.js,102,js,fe1e1cee,Even Wu,2026-04-24,20:51:09,-07:00,2026-04-24T20:51:09-07:00,2,33
global.js,103,js,fe1e1cee,Even Wu,2026-04-24,20:51:09,-07:00,2026-04-24T20:51:09-07:00,2,10
global.js,104,js,fe1e1cee,Even Wu,2026-04-24,20:51:09,-07:00,2026-04-24T20:51:09-07:00,0,0
global.js,105,js,fe1e1cee,Even Wu,2026-04-24,20:51:09,-07:00,2026-04-24T20:51:09-07:00,1,15
global.js,106,js,fe1e1cee,Even Wu,2026-04-24,20:51:09,-07:00,2026-04-24T20:51:09-07:00,2,59
global.js,107,js,fe1e1cee,Even Wu,2026-04-24,20:51:09,-07:00,2026-04-24T20:51:09-07:00,1,0
global.js,108,js,fe1e1cee,Even Wu,2026-04-24,20:51:09,-07:00,2026-04-24T20:51:09-07:00,0,0
global.js,109,js,fe1e1cee,Even Wu,2026-04-24,20:51:09,-07:00,2026-04-24T20:51:09-07:00,0,0
global.js,110,js,fe1e1cee,Even Wu,2026-04-24,20:51:09,-07:00,2026-04-24T20:51:09-07:00,0,79
global.js,111,js,fe1e1cee,Even Wu,2026-04-24,20:51:09,-07:00,2026-04-24T20:51:09-07:00,1,22
global.js,112,js,fe1e1cee,Even Wu,2026-04-24,20:51:09,-07:00,2026-04-24T20:51:09-07:00,2,70
global.js,113,js,fe1e1cee,Even Wu,2026-04-24,20:51:09,-07:00,2026-04-24T20:51:09-07:00,2,5
global.js,114,js,fe1e1cee,Even Wu,2026-04-24,20:51:09,-07:00,2026-04-24T20:51:09-07:00,1,0
global.js,115,js,fe1e1cee,Even Wu,2026-04-24,20:51:09,-07:00,2026-04-24T20:51:09-07:00,0,0
global.js,116,js,fe1e1cee,Even Wu,2026-04-24,20:51:09,-07:00,2026-04-24T20:51:09-07:00,1,30
global.js,117,js,fe1e1cee,Even Wu,2026-04-24,20:51:09,-07:00,2026-04-24T20:51:09-07:00,0,0
global.js,118,js,fe1e1cee,Even Wu,2026-04-24,20:51:09,-07:00,2026-04-24T20:51:09-07:00,1,27
global.js,119,js,fe1e1cee,Even Wu,2026-04-24,20:51:09,-07:00,2026-04-24T20:51:09-07:00,2,48
global.js,120,js,fe1e1cee,Even Wu,2026-04-24,20:51:09,-07:00,2026-04-24T20:51:09-07:00,0,0
global.js,121,js,fe1e1cee,Even Wu,2026-04-24,20:51:09,-07:00,2026-04-24T20:51:09-07:00,2,19
global.js,122,js,fe1e1cee,Even Wu,2026-04-24,20:51:09,-07:00,2026-04-24T20:51:09-07:00,3,49
global.js,123,js,fe1e1cee,Even Wu,2026-04-24,20:51:09,-07:00,2026-04-24T20:51:09-07:00,3,49
global.js,124,js,fe1e1cee,Even Wu,2026-04-24,20:51:09,-07:00,2026-04-24T20:51:09-07:00,3,27
global.js,125,js,4e277d2a,Even Wu,2026-05-02,23:43:21,-07:00,2026-05-02T23:43:21-07:00,3,41
global.js,126,js,fe1e1cee,Even Wu,2026-04-24,20:51:09,-07:00,2026-04-24T20:51:09-07:00,2,0
global.js,127,js,fe1e1cee,Even Wu,2026-04-24,20:51:09,-07:00,2026-04-24T20:51:09-07:00,0,0
global.js,128,js,fe1e1cee,Even Wu,2026-04-24,20:51:09,-07:00,2026-04-24T20:51:09-07:00,2,36
global.js,129,js,fe1e1cee,Even Wu,2026-04-24,20:51:09,-07:00,2026-04-24T20:51:09-07:00,1,1
global.js,130,js,fe1e1cee,Even Wu,2026-04-24,20:51:09,-07:00,2026-04-24T20:51:09-07:00,0,0
global.js,131,js,fe1e1cee,Even Wu,2026-04-24,20:51:09,-07:00,2026-04-24T20:51:09-07:00,0,0
global.js,132,js,af783489,Even Wu,2026-04-25,20:44:52,-07:00,2026-04-25T20:44:52-07:00,0,47
global.js,133,js,af783489,Even Wu,2026-04-25,20:44:52,-07:00,2026-04-25T20:44:52-07:00,1,3
global.js,134,js,af783489,Even Wu,2026-04-25,20:44:52,-07:00,2026-04-25T20:44:52-07:00,2,71
global.js,135,js,fe1e1cee,Even Wu,2026-04-24,20:51:09,-07:00,2026-04-24T20:51:09-07:00,0,0
global.js,136,js,af783489,Even Wu,2026-04-25,20:44:52,-07:00,2026-04-25T20:44:52-07:00,2,17
global.js,137,js,af783489,Even Wu,2026-04-25,20:44:52,-07:00,2026-04-25T20:44:52-07:00,3,58
global.js,138,js,af783489,Even Wu,2026-04-25,20:44:52,-07:00,2026-04-25T20:44:52-07:00,2,0
global.js,139,js,665196de,Even Wu,2026-04-17,17:20:44,-07:00,2026-04-17T17:20:44-07:00,0,0
global.js,140,js,af783489,Even Wu,2026-04-25,20:44:52,-07:00,2026-04-25T20:44:52-07:00,2,33
global.js,141,js,af783489,Even Wu,2026-04-25,20:44:52,-07:00,2026-04-25T20:44:52-07:00,2,10
global.js,142,js,af783489,Even Wu,2026-04-25,20:44:52,-07:00,2026-04-25T20:44:52-07:00,0,0
global.js,143,js,af783489,Even Wu,2026-04-25,20:44:52,-07:00,2026-04-25T20:44:52-07:00,1,15
global.js,144,js,af783489,Even Wu,2026-04-25,20:44:52,-07:00,2026-04-25T20:44:52-07:00,2,50
global.js,145,js,af783489,Even Wu,2026-04-25,20:44:52,-07:00,2026-04-25T20:44:52-07:00,1,0
global.js,146,js,af783489,Even Wu,2026-04-25,20:44:52,-07:00,2026-04-25T20:44:52-07:00,0,0
global.js,147,js,25685283,Even Wu,2026-04-17,16:54:08,-07:00,2026-04-17T16:54:08-07:00,0,0
global.js,148,js,25685283,Even Wu,2026-04-17,16:54:08,-07:00,2026-04-17T16:54:08-07:00,0,0
resume\index.html,1,html,2aac9c0d,Even Wu,2026-04-03,15:46:35,-07:00,2026-04-03T15:46:35-07:00,0,13
resume\index.html,2,html,2aac9c0d,Even Wu,2026-04-03,15:46:35,-07:00,2026-04-03T15:46:35-07:00,0,14
resume\index.html,3,html,2aac9c0d,Even Wu,2026-04-03,15:46:35,-07:00,2026-04-03T15:46:35-07:00,0,4
resume\index.html,4,html,9e0d6155,Even Wu,2026-04-17,15:13:53,-07:00,2026-04-17T15:13:53-07:00,2,48
resume\index.html,5,html,2aac9c0d,Even Wu,2026-04-03,15:46:35,-07:00,2026-04-03T15:46:35-07:00,2,20
resume\index.html,6,html,2aac9c0d,Even Wu,2026-04-03,15:46:35,-07:00,2026-04-03T15:46:35-07:00,2,68
resume\index.html,7,html,2aac9c0d,Even Wu,2026-04-03,15:46:35,-07:00,2026-04-03T15:46:35-07:00,2,19
resume\index.html,8,html,12cf7b25,Even Wu,2026-04-17,16:00:58,-07:00,2026-04-17T16:00:58-07:00,2,0
resume\index.html,9,html,2aac9c0d,Even Wu,2026-04-03,15:46:35,-07:00,2026-04-03T15:46:35-07:00,2,41
resume\index.html,10,html,2aac9c0d,Even Wu,2026-04-03,15:46:35,-07:00,2026-04-03T15:46:35-07:00,0,5
resume\index.html,11,html,caedbfdd,Even Wu,2026-04-10,17:01:36,-07:00,2026-04-10T17:01:36-07:00,0,0
resume\index.html,12,html,caedbfdd,Even Wu,2026-04-10,17:01:36,-07:00,2026-04-10T17:01:36-07:00,0,19
resume\index.html,13,html,caedbfdd,Even Wu,2026-04-10,17:01:36,-07:00,2026-04-10T17:01:36-07:00,2,19
resume\index.html,14,html,2aac9c0d,Even Wu,2026-04-03,15:46:35,-07:00,2026-04-03T15:46:35-07:00,4,14
resume\index.html,15,html,2aac9c0d,Even Wu,2026-04-03,15:46:35,-07:00,2026-04-03T15:46:35-07:00,4,52
resume\index.html,16,html,2aac9c0d,Even Wu,2026-04-03,15:46:35,-07:00,2026-04-03T15:46:35-07:00,4,77
resume\index.html,17,html,2aac9c0d,Even Wu,2026-04-03,15:46:35,-07:00,2026-04-03T15:46:35-07:00,5,68
resume\index.html,18,html,2aac9c0d,Even Wu,2026-04-03,15:46:35,-07:00,2026-04-03T15:46:35-07:00,2,7
resume\index.html,19,html,2aac9c0d,Even Wu,2026-04-03,15:46:35,-07:00,2026-04-03T15:46:35-07:00,0,0
resume\index.html,20,html,2aac9c0d,Even Wu,2026-04-03,15:46:35,-07:00,2026-04-03T15:46:35-07:00,2,7
resume\index.html,21,html,2aac9c0d,Even Wu,2026-04-03,15:46:35,-07:00,2026-04-03T15:46:35-07:00,4,69
resume\index.html,22,html,2aac9c0d,Even Wu,2026-04-03,15:46:35,-07:00,2026-04-03T15:46:35-07:00,4,67
resume\index.html,23,html,2aac9c0d,Even Wu,2026-04-03,15:46:35,-07:00,2026-04-03T15:46:35-07:00,4,61
resume\index.html,24,html,2aac9c0d,Even Wu,2026-04-03,15:46:35,-07:00,2026-04-03T15:46:35-07:00,4,68
resume\index.html,25,html,2aac9c0d,Even Wu,2026-04-03,15:46:35,-07:00,2026-04-03T15:46:35-07:00,4,8
resume\index.html,26,html,2aac9c0d,Even Wu,2026-04-03,15:46:35,-07:00,2026-04-03T15:46:35-07:00,2,8
resume\index.html,27,html,2aac9c0d,Even Wu,2026-04-03,15:46:35,-07:00,2026-04-03T15:46:35-07:00,0,0
resume\index.html,28,html,2aac9c0d,Even Wu,2026-04-03,15:46:35,-07:00,2026-04-03T15:46:35-07:00,2,2
resume\index.html,29,html,2aac9c0d,Even Wu,2026-04-03,15:46:35,-07:00,2026-04-03T15:46:35-07:00,0,0
resume\index.html,30,html,2aac9c0d,Even Wu,2026-04-03,15:46:35,-07:00,2026-04-03T15:46:35-07:00,2,7
resume\index.html,31,html,2aac9c0d,Even Wu,2026-04-03,15:46:35,-07:00,2026-04-03T15:46:35-07:00,4,17
resume\index.html,32,html,2aac9c0d,Even Wu,2026-04-03,15:46:35,-07:00,2026-04-03T15:46:35-07:00,4,42
resume\index.html,33,html,2aac9c0d,Even Wu,2026-04-03,15:46:35,-07:00,2026-04-03T15:46:35-07:00,4,48
resume\index.html,34,html,2aac9c0d,Even Wu,2026-04-03,15:46:35,-07:00,2026-04-03T15:46:35-07:00,4,51
resume\index.html,35,html,2aac9c0d,Even Wu,2026-04-03,15:46:35,-07:00,2026-04-03T15:46:35-07:00,4,14
resume\index.html,36,html,2aac9c0d,Even Wu,2026-04-03,15:46:35,-07:00,2026-04-03T15:46:35-07:00,2,8
resume\index.html,37,html,2aac9c0d,Even Wu,2026-04-03,15:46:35,-07:00,2026-04-03T15:46:35-07:00,0,0
resume\index.html,38,html,2aac9c0d,Even Wu,2026-04-03,15:46:35,-07:00,2026-04-03T15:46:35-07:00,2,2
resume\index.html,39,html,2aac9c0d,Even Wu,2026-04-03,15:46:35,-07:00,2026-04-03T15:46:35-07:00,0,0
resume\index.html,40,html,2aac9c0d,Even Wu,2026-04-03,15:46:35,-07:00,2026-04-03T15:46:35-07:00,2,7
resume\index.html,41,html,2aac9c0d,Even Wu,2026-04-03,15:46:35,-07:00,2026-04-03T15:46:35-07:00,4,13
resume\index.html,42,html,2aac9c0d,Even Wu,2026-04-03,15:46:35,-07:00,2026-04-03T15:46:35-07:00,4,2
resume\index.html,43,html,2aac9c0d,Even Wu,2026-04-03,15:46:35,-07:00,2026-04-03T15:46:35-07:00,6,48
resume\index.html,44,html,2aac9c0d,Even Wu,2026-04-03,15:46:35,-07:00,2026-04-03T15:46:35-07:00,6,29
resume\index.html,45,html,2aac9c0d,Even Wu,2026-04-03,15:46:35,-07:00,2026-04-03T15:46:35-07:00,6,27
resume\index.html,46,html,2aac9c0d,Even Wu,2026-04-03,15:46:35,-07:00,2026-04-03T15:46:35-07:00,6,25
resume\index.html,47,html,2aac9c0d,Even Wu,2026-04-03,15:46:35,-07:00,2026-04-03T15:46:35-07:00,6,37
resume\index.html,48,html,2aac9c0d,Even Wu,2026-04-03,15:46:35,-07:00,2026-04-03T15:46:35-07:00,4,3
resume\index.html,49,html,2aac9c0d,Even Wu,2026-04-03,15:46:35,-07:00,2026-04-03T15:46:35-07:00,2,8
resume\index.html,50,html,2aac9c0d,Even Wu,2026-04-03,15:46:35,-07:00,2026-04-03T15:46:35-07:00,0,0
resume\index.html,51,html,2aac9c0d,Even Wu,2026-04-03,15:46:35,-07:00,2026-04-03T15:46:35-07:00,2,2
resume\index.html,52,html,2aac9c0d,Even Wu,2026-04-03,15:46:35,-07:00,2026-04-03T15:46:35-07:00,0,0
resume\index.html,53,html,2aac9c0d,Even Wu,2026-04-03,15:46:35,-07:00,2026-04-03T15:46:35-07:00,2,7
resume\index.html,54,html,2aac9c0d,Even Wu,2026-04-03,15:46:35,-07:00,2026-04-03T15:46:35-07:00,4,29
resume\index.html,55,html,2aac9c0d,Even Wu,2026-04-03,15:46:35,-07:00,2026-04-03T15:46:35-07:00,4,48
resume\index.html,56,html,2aac9c0d,Even Wu,2026-04-03,15:46:35,-07:00,2026-04-03T15:46:35-07:00,4,56
resume\index.html,57,html,2aac9c0d,Even Wu,2026-04-03,15:46:35,-07:00,2026-04-03T15:46:35-07:00,4,2
resume\index.html,58,html,2aac9c0d,Even Wu,2026-04-03,15:46:35,-07:00,2026-04-03T15:46:35-07:00,6,72
resume\index.html,59,html,2aac9c0d,Even Wu,2026-04-03,15:46:35,-07:00,2026-04-03T15:46:35-07:00,6,185
resume\index.html,60,html,2aac9c0d,Even Wu,2026-04-03,15:46:35,-07:00,2026-04-03T15:46:35-07:00,6,86
resume\index.html,61,html,2aac9c0d,Even Wu,2026-04-03,15:46:35,-07:00,2026-04-03T15:46:35-07:00,4,3
resume\index.html,62,html,2aac9c0d,Even Wu,2026-04-03,15:46:35,-07:00,2026-04-03T15:46:35-07:00,0,0
resume\index.html,63,html,2aac9c0d,Even Wu,2026-04-03,15:46:35,-07:00,2026-04-03T15:46:35-07:00,4,48
resume\index.html,64,html,2aac9c0d,Even Wu,2026-04-03,15:46:35,-07:00,2026-04-03T15:46:35-07:00,4,62
resume\index.html,65,html,2aac9c0d,Even Wu,2026-04-03,15:46:35,-07:00,2026-04-03T15:46:35-07:00,4,2
resume\index.html,66,html,2aac9c0d,Even Wu,2026-04-03,15:46:35,-07:00,2026-04-03T15:46:35-07:00,6,106
resume\index.html,67,html,2aac9c0d,Even Wu,2026-04-03,15:46:35,-07:00,2026-04-03T15:46:35-07:00,6,79
resume\index.html,68,html,2aac9c0d,Even Wu,2026-04-03,15:46:35,-07:00,2026-04-03T15:46:35-07:00,6,99
resume\index.html,69,html,2aac9c0d,Even Wu,2026-04-03,15:46:35,-07:00,2026-04-03T15:46:35-07:00,4,3
resume\index.html,70,html,2aac9c0d,Even Wu,2026-04-03,15:46:35,-07:00,2026-04-03T15:46:35-07:00,0,0
resume\index.html,71,html,2aac9c0d,Even Wu,2026-04-03,15:46:35,-07:00,2026-04-03T15:46:35-07:00,4,46
resume\index.html,72,html,2aac9c0d,Even Wu,2026-04-03,15:46:35,-07:00,2026-04-03T15:46:35-07:00,4,53
resume\index.html,73,html,2aac9c0d,Even Wu,2026-04-03,15:46:35,-07:00,2026-04-03T15:46:35-07:00,4,2
resume\index.html,74,html,2aac9c0d,Even Wu,2026-04-03,15:46:35,-07:00,2026-04-03T15:46:35-07:00,6,220
resume\index.html,75,html,2aac9c0d,Even Wu,2026-04-03,15:46:35,-07:00,2026-04-03T15:46:35-07:00,4,3
resume\index.html,76,html,2aac9c0d,Even Wu,2026-04-03,15:46:35,-07:00,2026-04-03T15:46:35-07:00,0,0
resume\index.html,77,html,2aac9c0d,Even Wu,2026-04-03,15:46:35,-07:00,2026-04-03T15:46:35-07:00,4,53
resume\index.html,78,html,2aac9c0d,Even Wu,2026-04-03,15:46:35,-07:00,2026-04-03T15:46:35-07:00,4,60
resume\index.html,79,html,2aac9c0d,Even Wu,2026-04-03,15:46:35,-07:00,2026-04-03T15:46:35-07:00,4,2
resume\index.html,80,html,2aac9c0d,Even Wu,2026-04-03,15:46:35,-07:00,2026-04-03T15:46:35-07:00,6,220
resume\index.html,81,html,2aac9c0d,Even Wu,2026-04-03,15:46:35,-07:00,2026-04-03T15:46:35-07:00,4,3
resume\index.html,82,html,2aac9c0d,Even Wu,2026-04-03,15:46:35,-07:00,2026-04-03T15:46:35-07:00,0,0
resume\index.html,83,html,2aac9c0d,Even Wu,2026-04-03,15:46:35,-07:00,2026-04-03T15:46:35-07:00,4,44
resume\index.html,84,html,2aac9c0d,Even Wu,2026-04-03,15:46:35,-07:00,2026-04-03T15:46:35-07:00,4,37
resume\index.html,85,html,2aac9c0d,Even Wu,2026-04-03,15:46:35,-07:00,2026-04-03T15:46:35-07:00,4,2
resume\index.html,86,html,2aac9c0d,Even Wu,2026-04-03,15:46:35,-07:00,2026-04-03T15:46:35-07:00,6,155
resume\index.html,87,html,2aac9c0d,Even Wu,2026-04-03,15:46:35,-07:00,2026-04-03T15:46:35-07:00,6,70
resume\index.html,88,html,2aac9c0d,Even Wu,2026-04-03,15:46:35,-07:00,2026-04-03T15:46:35-07:00,6,135
resume\index.html,89,html,2aac9c0d,Even Wu,2026-04-03,15:46:35,-07:00,2026-04-03T15:46:35-07:00,6,78
resume\index.html,90,html,2aac9c0d,Even Wu,2026-04-03,15:46:35,-07:00,2026-04-03T15:46:35-07:00,4,3
resume\index.html,91,html,2aac9c0d,Even Wu,2026-04-03,15:46:35,-07:00,2026-04-03T15:46:35-07:00,2,8
resume\index.html,92,html,2aac9c0d,Even Wu,2026-04-03,15:46:35,-07:00,2026-04-03T15:46:35-07:00,0,5
resume\index.html,93,html,2aac9c0d,Even Wu,2026-04-03,15:46:35,-07:00,2026-04-03T15:46:35-07:00,0,5
projects\projects.js,1,js,fe1e1cee,Even Wu,2026-04-24,20:51:09,-07:00,2026-04-24T20:51:09-07:00,0,55
projects\projects.js,2,js,4e277d2a,Even Wu,2026-05-02,23:43:21,-07:00,2026-05-02T23:43:21-07:00,0,63
projects\projects.js,3,js,fe1e1cee,Even Wu,2026-04-24,20:51:09,-07:00,2026-04-24T20:51:09-07:00,0,0
projects\projects.js,4,js,fe1e1cee,Even Wu,2026-04-24,20:51:09,-07:00,2026-04-24T20:51:09-07:00,0,55
projects\projects.js,5,js,fe1e1cee,Even Wu,2026-04-24,20:51:09,-07:00,2026-04-24T20:51:09-07:00,0,60
projects\projects.js,6,js,fe1e1cee,Even Wu,2026-04-24,20:51:09,-07:00,2026-04-24T20:51:09-07:00,0,48
projects\projects.js,7,js,fe1e1cee,Even Wu,2026-04-24,20:51:09,-07:00,2026-04-24T20:51:09-07:00,0,0
projects\projects.js,8,js,fe1e1cee,Even Wu,2026-04-24,20:51:09,-07:00,2026-04-24T20:51:09-07:00,0,61
projects\projects.js,9,js,fe1e1cee,Even Wu,2026-04-24,20:51:09,-07:00,2026-04-24T20:51:09-07:00,0,17
projects\projects.js,10,js,fe1e1cee,Even Wu,2026-04-24,20:51:09,-07:00,2026-04-24T20:51:09-07:00,1,55
projects\projects.js,11,js,fe1e1cee,Even Wu,2026-04-24,20:51:09,-07:00,2026-04-24T20:51:09-07:00,0,0
projects\projects.js,12,js,fe1e1cee,Even Wu,2026-04-24,20:51:09,-07:00,2026-04-24T20:51:09-07:00,0,0
projects\projects.js,13,js,4e277d2a,Even Wu,2026-05-02,23:43:21,-07:00,2026-05-02T23:43:21-07:00,0,26
projects\projects.js,14,js,4e277d2a,Even Wu,2026-05-02,23:43:21,-07:00,2026-05-02T23:43:21-07:00,1,7
projects\projects.js,15,js,4e277d2a,Even Wu,2026-05-02,23:43:21,-07:00,2026-05-02T23:43:21-07:00,1,47
projects\projects.js,16,js,4e277d2a,Even Wu,2026-05-02,23:43:21,-07:00,2026-05-02T23:43:21-07:00,1,33
projects\projects.js,17,js,4e277d2a,Even Wu,2026-05-02,23:43:21,-07:00,2026-05-02T23:43:21-07:00,0,0
projects\projects.js,18,js,4e277d2a,Even Wu,2026-05-02,23:43:21,-07:00,2026-05-02T23:43:21-07:00,0,0
projects\projects.js,19,js,4e277d2a,Even Wu,2026-05-02,23:43:21,-07:00,2026-05-02T23:43:21-07:00,0,44
projects\projects.js,20,js,4e277d2a,Even Wu,2026-05-02,23:43:21,-07:00,2026-05-02T23:43:21-07:00,1,6
projects\projects.js,21,js,4e277d2a,Even Wu,2026-05-02,23:43:21,-07:00,2026-05-02T23:43:21-07:00,2,11
projects\projects.js,22,js,4e277d2a,Even Wu,2026-05-02,23:43:21,-07:00,2026-05-02T23:43:21-07:00,2,9
projects\projects.js,23,js,4e277d2a,Even Wu,2026-05-02,23:43:21,-07:00,2026-05-02T23:43:21-07:00,1,0
projects\projects.js,24,js,4e277d2a,Even Wu,2026-05-02,23:43:21,-07:00,2026-05-02T23:43:21-07:00,0,1
projects\projects.js,25,js,4e277d2a,Even Wu,2026-05-02,23:43:21,-07:00,2026-05-02T23:43:21-07:00,0,0
projects\projects.js,26,js,4e277d2a,Even Wu,2026-05-02,23:43:21,-07:00,2026-05-02T23:43:21-07:00,0,0
projects\projects.js,27,js,4e277d2a,Even Wu,2026-05-02,23:43:21,-07:00,2026-05-02T23:43:21-07:00,0,42
projects\projects.js,28,js,4e277d2a,Even Wu,2026-05-02,23:43:21,-07:00,2026-05-02T23:43:21-07:00,0,27
projects\projects.js,29,js,4e277d2a,Even Wu,2026-05-02,23:43:21,-07:00,2026-05-02T23:43:21-07:00,1,13
projects\projects.js,30,js,4e277d2a,Even Wu,2026-05-02,23:43:21,-07:00,2026-05-02T23:43:21-07:00,1,15
projects\projects.js,31,js,4e277d2a,Even Wu,2026-05-02,23:43:21,-07:00,2026-05-02T23:43:21-07:00,0,0
projects\projects.js,32,js,4e277d2a,Even Wu,2026-05-02,23:43:21,-07:00,2026-05-02T23:43:21-07:00,0,50
projects\projects.js,33,js,4e277d2a,Even Wu,2026-05-02,23:43:21,-07:00,2026-05-02T23:43:21-07:00,0,33
projects\projects.js,34,js,4e277d2a,Even Wu,2026-05-02,23:43:21,-07:00,2026-05-02T23:43:21-07:00,0,45
projects\projects.js,35,js,4e277d2a,Even Wu,2026-05-02,23:43:21,-07:00,2026-05-02T23:43:21-07:00,0,47
projects\projects.js,36,js,4e277d2a,Even Wu,2026-05-02,23:43:21,-07:00,2026-05-02T23:43:21-07:00,0,0
projects\projects.js,37,js,4e277d2a,Even Wu,2026-05-02,23:43:21,-07:00,2026-05-02T23:43:21-07:00,0,26
projects\projects.js,38,js,4e277d2a,Even Wu,2026-05-02,23:43:21,-07:00,2026-05-02T23:43:21-07:00,1,14
projects\projects.js,39,js,4e277d2a,Even Wu,2026-05-02,23:43:21,-07:00,2026-05-02T23:43:21-07:00,2,13
projects\projects.js,40,js,4e277d2a,Even Wu,2026-05-02,23:43:21,-07:00,2026-05-02T23:43:21-07:00,2,13
projects\projects.js,41,js,4e277d2a,Even Wu,2026-05-02,23:43:21,-07:00,2026-05-02T23:43:21-07:00,2,25
projects\projects.js,42,js,4e277d2a,Even Wu,2026-05-02,23:43:21,-07:00,2026-05-02T23:43:21-07:00,0,1
projects\projects.js,43,js,4e277d2a,Even Wu,2026-05-02,23:43:21,-07:00,2026-05-02T23:43:21-07:00,0,0
projects\projects.js,44,js,4e277d2a,Even Wu,2026-05-02,23:43:21,-07:00,2026-05-02T23:43:21-07:00,0,32
projects\projects.js,45,js,4e277d2a,Even Wu,2026-05-02,23:43:21,-07:00,2026-05-02T23:43:21-07:00,0,0
projects\projects.js,46,js,4e277d2a,Even Wu,2026-05-02,23:43:21,-07:00,2026-05-02T23:43:21-07:00,0,24
projects\projects.js,47,js,4e277d2a,Even Wu,2026-05-02,23:43:21,-07:00,2026-05-02T23:43:21-07:00,1,4
projects\projects.js,48,js,4e277d2a,Even Wu,2026-05-02,23:43:21,-07:00,2026-05-02T23:43:21-07:00,2,11
projects\projects.js,49,js,4e277d2a,Even Wu,2026-05-02,23:43:21,-07:00,2026-05-02T23:43:21-07:00,2,39
projects\projects.js,50,js,4e277d2a,Even Wu,2026-05-02,23:43:21,-07:00,2026-05-02T23:43:21-07:00,2,69
projects\projects.js,51,js,4e277d2a,Even Wu,2026-05-02,23:43:21,-07:00,2026-05-02T23:43:21-07:00,0,1
projects\projects.js,52,js,4e277d2a,Even Wu,2026-05-02,23:43:21,-07:00,2026-05-02T23:43:21-07:00,0,0
projects\projects.js,53,js,4e277d2a,Even Wu,2026-05-02,23:43:21,-07:00,2026-05-02T23:43:21-07:00,0,13
projects\projects.js,54,js,4e277d2a,Even Wu,2026-05-02,23:43:21,-07:00,2026-05-02T23:43:21-07:00,0,53
projects\projects.js,55,js,4e277d2a,Even Wu,2026-05-02,23:43:21,-07:00,2026-05-02T23:43:21-07:00,0,0
projects\projects.js,56,js,4e277d2a,Even Wu,2026-05-02,23:43:21,-07:00,2026-05-02T23:43:21-07:00,0,40
projects\projects.js,57,js,4e277d2a,Even Wu,2026-05-02,23:43:21,-07:00,2026-05-02T23:43:21-07:00,1,26
projects\projects.js,58,js,4e277d2a,Even Wu,2026-05-02,23:43:21,-07:00,2026-05-02T23:43:21-07:00,0,0
projects\projects.js,59,js,4e277d2a,Even Wu,2026-05-02,23:43:21,-07:00,2026-05-02T23:43:21-07:00,1,33
projects\projects.js,60,js,4e277d2a,Even Wu,2026-05-02,23:43:21,-07:00,2026-05-02T23:43:21-07:00,2,59
projects\projects.js,61,js,4e277d2a,Even Wu,2026-05-02,23:43:21,-07:00,2026-05-02T23:43:21-07:00,2,24
projects\projects.js,62,js,4e277d2a,Even Wu,2026-05-02,23:43:21,-07:00,2026-05-02T23:43:21-07:00,1,1
projects\projects.js,63,js,4e277d2a,Even Wu,2026-05-02,23:43:21,-07:00,2026-05-02T23:43:21-07:00,0,0
projects\projects.js,64,js,4e277d2a,Even Wu,2026-05-02,23:43:21,-07:00,2026-05-02T23:43:21-07:00,0,0
projects\projects.js,65,js,4e277d2a,Even Wu,2026-05-02,23:43:21,-07:00,2026-05-02T23:43:21-07:00,0,48
projects\projects.js,66,js,4e277d2a,Even Wu,2026-05-02,23:43:21,-07:00,2026-05-02T23:43:21-07:00,1,25
projects\projects.js,67,js,4e277d2a,Even Wu,2026-05-02,23:43:21,-07:00,2026-05-02T23:43:21-07:00,1,45
projects\projects.js,68,js,4e277d2a,Even Wu,2026-05-02,23:43:21,-07:00,2026-05-02T23:43:21-07:00,0,0
projects\projects.js,69,js,4e277d2a,Even Wu,2026-05-02,23:43:21,-07:00,2026-05-02T23:43:21-07:00,1,48
projects\projects.js,70,js,4e277d2a,Even Wu,2026-05-02,23:43:21,-07:00,2026-05-02T23:43:21-07:00,1,23
projects\projects.js,71,js,4e277d2a,Even Wu,2026-05-02,23:43:21,-07:00,2026-05-02T23:43:21-07:00,0,1
projects\projects.js,72,js,4e277d2a,Even Wu,2026-05-02,23:43:21,-07:00,2026-05-02T23:43:21-07:00,0,0
projects\projects.js,73,js,4e277d2a,Even Wu,2026-05-02,23:43:21,-07:00,2026-05-02T23:43:21-07:00,0,38
projects\projects.js,74,js,4e277d2a,Even Wu,2026-05-02,23:43:21,-07:00,2026-05-02T23:43:21-07:00,1,23
projects\projects.js,75,js,4e277d2a,Even Wu,2026-05-02,23:43:21,-07:00,2026-05-02T23:43:21-07:00,1,40
projects\projects.js,76,js,4e277d2a,Even Wu,2026-05-02,23:43:21,-07:00,2026-05-02T23:43:21-07:00,1,29
projects\projects.js,77,js,4e277d2a,Even Wu,2026-05-02,23:43:21,-07:00,2026-05-02T23:43:21-07:00,0,0
projects\projects.js,78,js,4e277d2a,Even Wu,2026-05-02,23:43:21,-07:00,2026-05-02T23:43:21-07:00,1,26
projects\projects.js,79,js,4e277d2a,Even Wu,2026-05-02,23:43:21,-07:00,2026-05-02T23:43:21-07:00,1,32
projects\projects.js,80,js,4e277d2a,Even Wu,2026-05-02,23:43:21,-07:00,2026-05-02T23:43:21-07:00,1,30
projects\projects.js,81,js,4e277d2a,Even Wu,2026-05-02,23:43:21,-07:00,2026-05-02T23:43:21-07:00,0,0
projects\projects.js,82,js,4e277d2a,Even Wu,2026-05-02,23:43:21,-07:00,2026-05-02T23:43:21-07:00,1,25
projects\projects.js,83,js,4e277d2a,Even Wu,2026-05-02,23:43:21,-07:00,2026-05-02T23:43:21-07:00,1,22
projects\projects.js,84,js,4e277d2a,Even Wu,2026-05-02,23:43:21,-07:00,2026-05-02T23:43:21-07:00,2,12
projects\projects.js,85,js,4e277d2a,Even Wu,2026-05-02,23:43:21,-07:00,2026-05-02T23:43:21-07:00,2,12
projects\projects.js,86,js,4e277d2a,Even Wu,2026-05-02,23:43:21,-07:00,2026-05-02T23:43:21-07:00,2,9
projects\projects.js,87,js,4e277d2a,Even Wu,2026-05-02,23:43:21,-07:00,2026-05-02T23:43:21-07:00,1,0
projects\projects.js,88,js,4e277d2a,Even Wu,2026-05-02,23:43:21,-07:00,2026-05-02T23:43:21-07:00,0,0
projects\projects.js,89,js,4e277d2a,Even Wu,2026-05-02,23:43:21,-07:00,2026-05-02T23:43:21-07:00,1,29
projects\projects.js,90,js,4e277d2a,Even Wu,2026-05-02,23:43:21,-07:00,2026-05-02T23:43:21-07:00,1,41
projects\projects.js,91,js,4e277d2a,Even Wu,2026-05-02,23:43:21,-07:00,2026-05-02T23:43:21-07:00,2,10
projects\projects.js,92,js,4e277d2a,Even Wu,2026-05-02,23:43:21,-07:00,2026-05-02T23:43:21-07:00,2,10
projects\projects.js,93,js,4e277d2a,Even Wu,2026-05-02,23:43:21,-07:00,2026-05-02T23:43:21-07:00,1,2
projects\projects.js,94,js,4e277d2a,Even Wu,2026-05-02,23:43:21,-07:00,2026-05-02T23:43:21-07:00,0,0
projects\projects.js,95,js,4e277d2a,Even Wu,2026-05-02,23:43:21,-07:00,2026-05-02T23:43:21-07:00,1,26
projects\projects.js,96,js,4e277d2a,Even Wu,2026-05-02,23:43:21,-07:00,2026-05-02T23:43:21-07:00,1,39
projects\projects.js,97,js,4e277d2a,Even Wu,2026-05-02,23:43:21,-07:00,2026-05-02T23:43:21-07:00,1,24
projects\projects.js,98,js,4e277d2a,Even Wu,2026-05-02,23:43:21,-07:00,2026-05-02T23:43:21-07:00,0,0
projects\projects.js,99,js,4e277d2a,Even Wu,2026-05-02,23:43:21,-07:00,2026-05-02T23:43:21-07:00,1,48
projects\projects.js,100,js,4e277d2a,Even Wu,2026-05-02,23:43:21,-07:00,2026-05-02T23:43:21-07:00,1,47
projects\projects.js,101,js,4e277d2a,Even Wu,2026-05-02,23:43:21,-07:00,2026-05-02T23:43:21-07:00,0,0
projects\projects.js,102,js,4e277d2a,Even Wu,2026-05-02,23:43:21,-07:00,2026-05-02T23:43:21-07:00,1,15
projects\projects.js,103,js,4e277d2a,Even Wu,2026-05-02,23:43:21,-07:00,2026-05-02T23:43:21-07:00,1,19
projects\projects.js,104,js,4e277d2a,Even Wu,2026-05-02,23:43:21,-07:00,2026-05-02T23:43:21-07:00,2,12
projects\projects.js,105,js,4e277d2a,Even Wu,2026-05-02,23:43:21,-07:00,2026-05-02T23:43:21-07:00,2,11
projects\projects.js,106,js,4e277d2a,Even Wu,2026-05-02,23:43:21,-07:00,2026-05-02T23:43:21-07:00,2,13
projects\projects.js,107,js,4e277d2a,Even Wu,2026-05-02,23:43:21,-07:00,2026-05-02T23:43:21-07:00,2,33
projects\projects.js,108,js,4e277d2a,Even Wu,2026-05-02,23:43:21,-07:00,2026-05-02T23:43:21-07:00,0,0
projects\projects.js,109,js,4e277d2a,Even Wu,2026-05-02,23:43:21,-07:00,2026-05-02T23:43:21-07:00,1,56
projects\projects.js,110,js,4e277d2a,Even Wu,2026-05-02,23:43:21,-07:00,2026-05-02T23:43:21-07:00,1,22
projects\projects.js,111,js,4e277d2a,Even Wu,2026-05-02,23:43:21,-07:00,2026-05-02T23:43:21-07:00,2,17
projects\projects.js,112,js,4e277d2a,Even Wu,2026-05-02,23:43:21,-07:00,2026-05-02T23:43:21-07:00,3,71
projects\projects.js,113,js,4e277d2a,Even Wu,2026-05-02,23:43:21,-07:00,2026-05-02T23:43:21-07:00,3,5
projects\projects.js,114,js,4e277d2a,Even Wu,2026-05-02,23:43:21,-07:00,2026-05-02T23:43:21-07:00,4,27
projects\projects.js,115,js,4e277d2a,Even Wu,2026-05-02,23:43:21,-07:00,2026-05-02T23:43:21-07:00,4,62
projects\projects.js,116,js,4e277d2a,Even Wu,2026-05-02,23:43:21,-07:00,2026-05-02T23:43:21-07:00,3,1
projects\projects.js,117,js,4e277d2a,Even Wu,2026-05-02,23:43:21,-07:00,2026-05-02T23:43:21-07:00,1,1
projects\projects.js,118,js,4e277d2a,Even Wu,2026-05-02,23:43:21,-07:00,2026-05-02T23:43:21-07:00,0,0
projects\projects.js,119,js,4e277d2a,Even Wu,2026-05-02,23:43:21,-07:00,2026-05-02T23:43:21-07:00,0,0
projects\projects.js,120,js,4e277d2a,Even Wu,2026-05-02,23:43:21,-07:00,2026-05-02T23:43:21-07:00,0,21
projects\projects.js,121,js,4e277d2a,Even Wu,2026-05-02,23:43:21,-07:00,2026-05-02T23:43:21-07:00,0,24
projects\projects.js,122,js,4e277d2a,Even Wu,2026-05-02,23:43:21,-07:00,2026-05-02T23:43:21-07:00,0,0
projects\projects.js,123,js,4e277d2a,Even Wu,2026-05-02,23:43:21,-07:00,2026-05-02T23:43:21-07:00,0,25
projects\projects.js,124,js,4e277d2a,Even Wu,2026-05-02,23:43:21,-07:00,2026-05-02T23:43:21-07:00,0,29
projects\projects.js,125,js,4e277d2a,Even Wu,2026-05-02,23:43:21,-07:00,2026-05-02T23:43:21-07:00,0,24
projects\projects.js,126,js,4e277d2a,Even Wu,2026-05-02,23:43:21,-07:00,2026-05-02T23:43:21-07:00,1,1
projects\projects.js,127,js,4e277d2a,Even Wu,2026-05-02,23:43:21,-07:00,2026-05-02T23:43:21-07:00,2,13
projects\projects.js,128,js,4e277d2a,Even Wu,2026-05-02,23:43:21,-07:00,2026-05-02T23:43:21-07:00,2,13
projects\projects.js,129,js,4e277d2a,Even Wu,2026-05-02,23:43:21,-07:00,2026-05-02T23:43:21-07:00,2,22
projects\projects.js,130,js,4e277d2a,Even Wu,2026-05-02,23:43:21,-07:00,2026-05-02T23:43:21-07:00,2,18
projects\projects.js,131,js,4e277d2a,Even Wu,2026-05-02,23:43:21,-07:00,2026-05-02T23:43:21-07:00,3,43
projects\projects.js,132,js,4e277d2a,Even Wu,2026-05-02,23:43:21,-07:00,2026-05-02T23:43:21-07:00,0,0
projects\projects.js,133,js,4e277d2a,Even Wu,2026-05-02,23:43:21,-07:00,2026-05-02T23:43:21-07:00,3,1
projects\projects.js,134,js,4e277d2a,Even Wu,2026-05-02,23:43:21,-07:00,2026-05-02T23:43:21-07:00,4,16
projects\projects.js,135,js,4e277d2a,Even Wu,2026-05-02,23:43:21,-07:00,2026-05-02T23:43:21-07:00,4,26
projects\projects.js,136,js,4e277d2a,Even Wu,2026-05-02,23:43:21,-07:00,2026-05-02T23:43:21-07:00,5,37
projects\projects.js,137,js,4e277d2a,Even Wu,2026-05-02,23:43:21,-07:00,2026-05-02T23:43:21-07:00,4,1
projects\projects.js,138,js,4e277d2a,Even Wu,2026-05-02,23:43:21,-07:00,2026-05-02T23:43:21-07:00,3,4
projects\projects.js,139,js,4e277d2a,Even Wu,2026-05-02,23:43:21,-07:00,2026-05-02T23:43:21-07:00,4,14
projects\projects.js,140,js,4e277d2a,Even Wu,2026-05-02,23:43:21,-07:00,2026-05-02T23:43:21-07:00,4,26
projects\projects.js,141,js,4e277d2a,Even Wu,2026-05-02,23:43:21,-07:00,2026-05-02T23:43:21-07:00,5,37
projects\projects.js,142,js,4e277d2a,Even Wu,2026-05-02,23:43:21,-07:00,2026-05-02T23:43:21-07:00,4,1
projects\projects.js,143,js,4e277d2a,Even Wu,2026-05-02,23:43:21,-07:00,2026-05-02T23:43:21-07:00,0,0
projects\projects.js,144,js,4e277d2a,Even Wu,2026-05-02,23:43:21,-07:00,2026-05-02T23:43:21-07:00,3,25
projects\projects.js,145,js,4e277d2a,Even Wu,2026-05-02,23:43:21,-07:00,2026-05-02T23:43:21-07:00,4,48
projects\projects.js,146,js,4e277d2a,Even Wu,2026-05-02,23:43:21,-07:00,2026-05-02T23:43:21-07:00,3,6
projects\projects.js,147,js,4e277d2a,Even Wu,2026-05-02,23:43:21,-07:00,2026-05-02T23:43:21-07:00,4,53
projects\projects.js,148,js,4e277d2a,Even Wu,2026-05-02,23:43:21,-07:00,2026-05-02T23:43:21-07:00,0,0
projects\projects.js,149,js,4e277d2a,Even Wu,2026-05-02,23:43:21,-07:00,2026-05-02T23:43:21-07:00,4,59
projects\projects.js,150,js,4e277d2a,Even Wu,2026-05-02,23:43:21,-07:00,2026-05-02T23:43:21-07:00,0,0
projects\projects.js,151,js,4e277d2a,Even Wu,2026-05-02,23:43:21,-07:00,2026-05-02T23:43:21-07:00,4,48
projects\projects.js,152,js,4e277d2a,Even Wu,2026-05-02,23:43:21,-07:00,2026-05-02T23:43:21-07:00,3,0
projects\projects.js,153,js,4e277d2a,Even Wu,2026-05-02,23:43:21,-07:00,2026-05-02T23:43:21-07:00,0,0
projects\projects.js,154,js,4e277d2a,Even Wu,2026-05-02,23:43:21,-07:00,2026-05-02T23:43:21-07:00,2,1
projects\projects.js,155,js,4e277d2a,Even Wu,2026-05-02,23:43:21,-07:00,2026-05-02T23:43:21-07:00,0,1
projects\projects.js,156,js,4e277d2a,Even Wu,2026-05-02,23:43:21,-07:00,2026-05-02T23:43:21-07:00,0,0
projects\index.html,1,html,18455d9e,Even Wu,2026-04-03,14:09:37,-07:00,2026-04-03T14:09:37-07:00,0,13
projects\index.html,2,html,18455d9e,Even Wu,2026-04-03,14:09:37,-07:00,2026-04-03T14:09:37-07:00,0,14
projects\index.html,3,html,18455d9e,Even Wu,2026-04-03,14:09:37,-07:00,2026-04-03T14:09:37-07:00,0,4
projects\index.html,4,html,9e0d6155,Even Wu,2026-04-17,15:13:53,-07:00,2026-04-17T15:13:53-07:00,2,48
projects\index.html,5,html,18455d9e,Even Wu,2026-04-03,14:09:37,-07:00,2026-04-03T14:09:37-07:00,2,20
projects\index.html,6,html,18455d9e,Even Wu,2026-04-03,14:09:37,-07:00,2026-04-03T14:09:37-07:00,2,68
projects\index.html,7,html,18455d9e,Even Wu,2026-04-03,14:09:37,-07:00,2026-04-03T14:09:37-07:00,2,21
projects\index.html,8,html,12cf7b25,Even Wu,2026-04-17,16:00:58,-07:00,2026-04-17T16:00:58-07:00,2,0
projects\index.html,9,html,fe1e1cee,Even Wu,2026-04-24,20:51:09,-07:00,2026-04-24T20:51:09-07:00,2,38
projects\index.html,10,html,4e277d2a,Even Wu,2026-05-02,23:43:21,-07:00,2026-05-02T23:43:21-07:00,0,0
projects\index.html,11,html,4e277d2a,Even Wu,2026-05-02,23:43:21,-07:00,2026-05-02T23:43:21-07:00,2,32
projects\index.html,12,html,4e277d2a,Even Wu,2026-05-02,23:43:21,-07:00,2026-05-02T23:43:21-07:00,4,58
projects\index.html,13,html,4e277d2a,Even Wu,2026-05-02,23:43:21,-07:00,2026-05-02T23:43:21-07:00,4,28
projects\index.html,14,html,4e277d2a,Even Wu,2026-05-02,23:43:21,-07:00,2026-05-02T23:43:21-07:00,6,22
projects\index.html,15,html,4e277d2a,Even Wu,2026-05-02,23:43:21,-07:00,2026-05-02T23:43:21-07:00,4,4
projects\index.html,16,html,4e277d2a,Even Wu,2026-05-02,23:43:21,-07:00,2026-05-02T23:43:21-07:00,2,4
projects\index.html,17,html,4e277d2a,Even Wu,2026-05-02,23:43:21,-07:00,2026-05-02T23:43:21-07:00,0,0
projects\index.html,18,html,4e277d2a,Even Wu,2026-05-02,23:43:21,-07:00,2026-05-02T23:43:21-07:00,2,100
projects\index.html,19,html,4e277d2a,Even Wu,2026-05-02,23:43:21,-07:00,2026-05-02T23:43:21-07:00,0,0
projects\index.html,20,html,4e277d2a,Even Wu,2026-05-02,23:43:21,-07:00,2026-05-02T23:43:21-07:00,0,0
projects\index.html,21,html,802c1fa7,Even Wu,2026-04-10,16:39:57,-07:00,2026-04-10T16:39:57-07:00,2,20
projects\index.html,22,html,fe1e1cee,Even Wu,2026-04-24,20:51:09,-07:00,2026-04-24T20:51:09-07:00,4,48
projects\index.html,23,html,fe1e1cee,Even Wu,2026-04-24,20:51:09,-07:00,2026-04-24T20:51:09-07:00,4,47
projects\index.html,24,html,802c1fa7,Even Wu,2026-04-10,16:39:57,-07:00,2026-04-10T16:39:57-07:00,2,4
projects\index.html,25,html,802c1fa7,Even Wu,2026-04-10,16:39:57,-07:00,2026-04-10T16:39:57-07:00,0,0
projects\index.html,26,html,ff72981d,Even Wu,2026-04-03,14:41:19,-07:00,2026-04-03T14:41:19-07:00,2,41
projects\index.html,27,html,18455d9e,Even Wu,2026-04-03,14:09:37,-07:00,2026-04-03T14:09:37-07:00,0,5
projects\index.html,28,html,802c1fa7,Even Wu,2026-04-10,16:39:57,-07:00,2026-04-10T16:39:57-07:00,0,0
projects\index.html,29,html,18455d9e,Even Wu,2026-04-03,14:09:37,-07:00,2026-04-03T14:09:37-07:00,0,4
projects\index.html,30,html,18455d9e,Even Wu,2026-04-03,14:09:37,-07:00,2026-04-03T14:09:37-07:00,2,0
projects\index.html,31,html,4e277d2a,Even Wu,2026-05-02,23:43:21,-07:00,2026-05-02T23:43:21-07:00,0,0
projects\index.html,32,html,18455d9e,Even Wu,2026-04-03,14:09:37,-07:00,2026-04-03T14:09:37-07:00,0,5
projects\index.html,33,html,18455d9e,Even Wu,2026-04-03,14:09:37,-07:00,2026-04-03T14:09:37-07:00,0,5
projects\dsc106project3.html,1,html,1a2f47f4,Even Wu,2026-05-05,15:58:46,-07:00,2026-05-05T15:58:46-07:00,0,13
projects\dsc106project3.html,2,html,1a2f47f4,Even Wu,2026-05-05,15:58:46,-07:00,2026-05-05T15:58:46-07:00,0,14
projects\dsc106project3.html,3,html,1a2f47f4,Even Wu,2026-05-05,15:58:46,-07:00,2026-05-05T15:58:46-07:00,0,4
projects\dsc106project3.html,4,html,1a2f47f4,Even Wu,2026-05-05,15:58:46,-07:00,2026-05-05T15:58:46-07:00,1,22
projects\dsc106project3.html,5,html,1a2f47f4,Even Wu,2026-05-05,15:58:46,-07:00,2026-05-05T15:58:46-07:00,1,70
projects\dsc106project3.html,6,html,1a2f47f4,Even Wu,2026-05-05,15:58:46,-07:00,2026-05-05T15:58:46-07:00,1,64
projects\dsc106project3.html,7,html,1a2f47f4,Even Wu,2026-05-05,15:58:46,-07:00,2026-05-05T15:58:46-07:00,0,0
projects\dsc106project3.html,8,html,1a2f47f4,Even Wu,2026-05-05,15:58:46,-07:00,2026-05-05T15:58:46-07:00,1,12
projects\dsc106project3.html,9,html,1a2f47f4,Even Wu,2026-05-05,15:58:46,-07:00,2026-05-05T15:58:46-07:00,1,51
projects\dsc106project3.html,10,html,1a2f47f4,Even Wu,2026-05-05,15:58:46,-07:00,2026-05-05T15:58:46-07:00,0,0
projects\dsc106project3.html,11,html,1a2f47f4,Even Wu,2026-05-05,15:58:46,-07:00,2026-05-05T15:58:46-07:00,1,13
projects\dsc106project3.html,12,html,1a2f47f4,Even Wu,2026-05-05,15:58:46,-07:00,2026-05-05T15:58:46-07:00,1,5
projects\dsc106project3.html,13,html,1a2f47f4,Even Wu,2026-05-05,15:58:46,-07:00,2026-05-05T15:58:46-07:00,2,4
projects\dsc106project3.html,14,html,1a2f47f4,Even Wu,2026-05-05,15:58:46,-07:00,2026-05-05T15:58:46-07:00,3,42
projects\dsc106project3.html,15,html,1a2f47f4,Even Wu,2026-05-05,15:58:46,-07:00,2026-05-05T15:58:46-07:00,3,8
projects\dsc106project3.html,16,html,1a2f47f4,Even Wu,2026-05-05,15:58:46,-07:00,2026-05-05T15:58:46-07:00,3,24
projects\dsc106project3.html,17,html,1a2f47f4,Even Wu,2026-05-05,15:58:46,-07:00,2026-05-05T15:58:46-07:00,3,10
projects\dsc106project3.html,18,html,1a2f47f4,Even Wu,2026-05-05,15:58:46,-07:00,2026-05-05T15:58:46-07:00,2,0
projects\dsc106project3.html,19,html,1a2f47f4,Even Wu,2026-05-05,15:58:46,-07:00,2026-05-05T15:58:46-07:00,0,0
projects\dsc106project3.html,20,html,1a2f47f4,Even Wu,2026-05-05,15:58:46,-07:00,2026-05-05T15:58:46-07:00,2,6
projects\dsc106project3.html,21,html,1a2f47f4,Even Wu,2026-05-05,15:58:46,-07:00,2026-05-05T15:58:46-07:00,3,24
projects\dsc106project3.html,22,html,1a2f47f4,Even Wu,2026-05-05,15:58:46,-07:00,2026-05-05T15:58:46-07:00,3,11
projects\dsc106project3.html,23,html,1a2f47f4,Even Wu,2026-05-05,15:58:46,-07:00,2026-05-05T15:58:46-07:00,3,14
projects\dsc106project3.html,24,html,1a2f47f4,Even Wu,2026-05-05,15:58:46,-07:00,2026-05-05T15:58:46-07:00,3,17
projects\dsc106project3.html,25,html,1a2f47f4,Even Wu,2026-05-05,15:58:46,-07:00,2026-05-05T15:58:46-07:00,2,0
projects\dsc106project3.html,26,html,1a2f47f4,Even Wu,2026-05-05,15:58:46,-07:00,2026-05-05T15:58:46-07:00,0,0
projects\dsc106project3.html,27,html,1a2f47f4,Even Wu,2026-05-05,15:58:46,-07:00,2026-05-05T15:58:46-07:00,2,4
projects\dsc106project3.html,28,html,1a2f47f4,Even Wu,2026-05-05,15:58:46,-07:00,2026-05-05T15:58:46-07:00,3,15
projects\dsc106project3.html,29,html,1a2f47f4,Even Wu,2026-05-05,15:58:46,-07:00,2026-05-05T15:58:46-07:00,3,16
projects\dsc106project3.html,30,html,1a2f47f4,Even Wu,2026-05-05,15:58:46,-07:00,2026-05-05T15:58:46-07:00,3,14
projects\dsc106project3.html,31,html,1a2f47f4,Even Wu,2026-05-05,15:58:46,-07:00,2026-05-05T15:58:46-07:00,2,0
projects\dsc106project3.html,32,html,1a2f47f4,Even Wu,2026-05-05,15:58:46,-07:00,2026-05-05T15:58:46-07:00,0,0
projects\dsc106project3.html,33,html,1a2f47f4,Even Wu,2026-05-05,15:58:46,-07:00,2026-05-05T15:58:46-07:00,2,6
projects\dsc106project3.html,34,html,1a2f47f4,Even Wu,2026-05-05,15:58:46,-07:00,2026-05-05T15:58:46-07:00,3,17
projects\dsc106project3.html,35,html,1a2f47f4,Even Wu,2026-05-05,15:58:46,-07:00,2026-05-05T15:58:46-07:00,3,10
projects\dsc106project3.html,36,html,1a2f47f4,Even Wu,2026-05-05,15:58:46,-07:00,2026-05-05T15:58:46-07:00,3,12
projects\dsc106project3.html,37,html,1a2f47f4,Even Wu,2026-05-05,15:58:46,-07:00,2026-05-05T15:58:46-07:00,2,0
projects\dsc106project3.html,38,html,1a2f47f4,Even Wu,2026-05-05,15:58:46,-07:00,2026-05-05T15:58:46-07:00,0,0
projects\dsc106project3.html,39,html,1a2f47f4,Even Wu,2026-05-05,15:58:46,-07:00,2026-05-05T15:58:46-07:00,2,8
projects\dsc106project3.html,40,html,1a2f47f4,Even Wu,2026-05-05,15:58:46,-07:00,2026-05-05T15:58:46-07:00,3,17
projects\dsc106project3.html,41,html,1a2f47f4,Even Wu,2026-05-05,15:58:46,-07:00,2026-05-05T15:58:46-07:00,3,35
projects\dsc106project3.html,42,html,1a2f47f4,Even Wu,2026-05-05,15:58:46,-07:00,2026-05-05T15:58:46-07:00,3,21
projects\dsc106project3.html,43,html,1a2f47f4,Even Wu,2026-05-05,15:58:46,-07:00,2026-05-05T15:58:46-07:00,3,17
projects\dsc106project3.html,44,html,1a2f47f4,Even Wu,2026-05-05,15:58:46,-07:00,2026-05-05T15:58:46-07:00,3,16
projects\dsc106project3.html,45,html,1a2f47f4,Even Wu,2026-05-05,15:58:46,-07:00,2026-05-05T15:58:46-07:00,3,14
projects\dsc106project3.html,46,html,1a2f47f4,Even Wu,2026-05-05,15:58:46,-07:00,2026-05-05T15:58:46-07:00,3,19
projects\dsc106project3.html,47,html,1a2f47f4,Even Wu,2026-05-05,15:58:46,-07:00,2026-05-05T15:58:46-07:00,3,40
projects\dsc106project3.html,48,html,1a2f47f4,Even Wu,2026-05-05,15:58:46,-07:00,2026-05-05T15:58:46-07:00,2,0
projects\dsc106project3.html,49,html,1a2f47f4,Even Wu,2026-05-05,15:58:46,-07:00,2026-05-05T15:58:46-07:00,0,0
projects\dsc106project3.html,50,html,1a2f47f4,Even Wu,2026-05-05,15:58:46,-07:00,2026-05-05T15:58:46-07:00,2,9
projects\dsc106project3.html,51,html,1a2f47f4,Even Wu,2026-05-05,15:58:46,-07:00,2026-05-05T15:58:46-07:00,3,17
projects\dsc106project3.html,52,html,1a2f47f4,Even Wu,2026-05-05,15:58:46,-07:00,2026-05-05T15:58:46-07:00,3,15
projects\dsc106project3.html,53,html,1a2f47f4,Even Wu,2026-05-05,15:58:46,-07:00,2026-05-05T15:58:46-07:00,2,0
projects\dsc106project3.html,54,html,1a2f47f4,Even Wu,2026-05-05,15:58:46,-07:00,2026-05-05T15:58:46-07:00,0,0
projects\dsc106project3.html,55,html,1a2f47f4,Even Wu,2026-05-05,15:58:46,-07:00,2026-05-05T15:58:46-07:00,2,16
projects\dsc106project3.html,56,html,1a2f47f4,Even Wu,2026-05-05,15:58:46,-07:00,2026-05-05T15:58:46-07:00,3,24
projects\dsc106project3.html,57,html,1a2f47f4,Even Wu,2026-05-05,15:58:46,-07:00,2026-05-05T15:58:46-07:00,3,11
projects\dsc106project3.html,58,html,1a2f47f4,Even Wu,2026-05-05,15:58:46,-07:00,2026-05-05T15:58:46-07:00,3,17
projects\dsc106project3.html,59,html,1a2f47f4,Even Wu,2026-05-05,15:58:46,-07:00,2026-05-05T15:58:46-07:00,3,16
projects\dsc106project3.html,60,html,1a2f47f4,Even Wu,2026-05-05,15:58:46,-07:00,2026-05-05T15:58:46-07:00,3,12
projects\dsc106project3.html,61,html,1a2f47f4,Even Wu,2026-05-05,15:58:46,-07:00,2026-05-05T15:58:46-07:00,3,14
projects\dsc106project3.html,62,html,1a2f47f4,Even Wu,2026-05-05,15:58:46,-07:00,2026-05-05T15:58:46-07:00,3,14
projects\dsc106project3.html,63,html,1a2f47f4,Even Wu,2026-05-05,15:58:46,-07:00,2026-05-05T15:58:46-07:00,3,32
projects\dsc106project3.html,64,html,1a2f47f4,Even Wu,2026-05-05,15:58:46,-07:00,2026-05-05T15:58:46-07:00,2,0
projects\dsc106project3.html,65,html,1a2f47f4,Even Wu,2026-05-05,15:58:46,-07:00,2026-05-05T15:58:46-07:00,0,0
projects\dsc106project3.html,66,html,1a2f47f4,Even Wu,2026-05-05,15:58:46,-07:00,2026-05-05T15:58:46-07:00,2,22
projects\dsc106project3.html,67,html,1a2f47f4,Even Wu,2026-05-05,15:58:46,-07:00,2026-05-05T15:58:46-07:00,3,21
projects\dsc106project3.html,68,html,1a2f47f4,Even Wu,2026-05-05,15:58:46,-07:00,2026-05-05T15:58:46-07:00,2,0
projects\dsc106project3.html,69,html,1a2f47f4,Even Wu,2026-05-05,15:58:46,-07:00,2026-05-05T15:58:46-07:00,0,0
projects\dsc106project3.html,70,html,1a2f47f4,Even Wu,2026-05-05,15:58:46,-07:00,2026-05-05T15:58:46-07:00,2,6
projects\dsc106project3.html,71,html,1a2f47f4,Even Wu,2026-05-05,15:58:46,-07:00,2026-05-05T15:58:46-07:00,3,17
projects\dsc106project3.html,72,html,1a2f47f4,Even Wu,2026-05-05,15:58:46,-07:00,2026-05-05T15:58:46-07:00,3,14
projects\dsc106project3.html,73,html,1a2f47f4,Even Wu,2026-05-05,15:58:46,-07:00,2026-05-05T15:58:46-07:00,3,10
projects\dsc106project3.html,74,html,1a2f47f4,Even Wu,2026-05-05,15:58:46,-07:00,2026-05-05T15:58:46-07:00,3,15
projects\dsc106project3.html,75,html,1a2f47f4,Even Wu,2026-05-05,15:58:46,-07:00,2026-05-05T15:58:46-07:00,3,19
projects\dsc106project3.html,76,html,1a2f47f4,Even Wu,2026-05-05,15:58:46,-07:00,2026-05-05T15:58:46-07:00,2,0
projects\dsc106project3.html,77,html,1a2f47f4,Even Wu,2026-05-05,15:58:46,-07:00,2026-05-05T15:58:46-07:00,0,0
projects\dsc106project3.html,78,html,1a2f47f4,Even Wu,2026-05-05,15:58:46,-07:00,2026-05-05T15:58:46-07:00,2,21
projects\dsc106project3.html,79,html,1a2f47f4,Even Wu,2026-05-05,15:58:46,-07:00,2026-05-05T15:58:46-07:00,2,7
projects\dsc106project3.html,80,html,1a2f47f4,Even Wu,2026-05-05,15:58:46,-07:00,2026-05-05T15:58:46-07:00,3,9
projects\dsc106project3.html,81,html,1a2f47f4,Even Wu,2026-05-05,15:58:46,-07:00,2026-05-05T15:58:46-07:00,3,19
projects\dsc106project3.html,82,html,1a2f47f4,Even Wu,2026-05-05,15:58:46,-07:00,2026-05-05T15:58:46-07:00,2,0
projects\dsc106project3.html,83,html,1a2f47f4,Even Wu,2026-05-05,15:58:46,-07:00,2026-05-05T15:58:46-07:00,0,0
projects\dsc106project3.html,84,html,1a2f47f4,Even Wu,2026-05-05,15:58:46,-07:00,2026-05-05T15:58:46-07:00,2,24
projects\dsc106project3.html,85,html,1a2f47f4,Even Wu,2026-05-05,15:58:46,-07:00,2026-05-05T15:58:46-07:00,2,16
projects\dsc106project3.html,86,html,1a2f47f4,Even Wu,2026-05-05,15:58:46,-07:00,2026-05-05T15:58:46-07:00,3,18
projects\dsc106project3.html,87,html,1a2f47f4,Even Wu,2026-05-05,15:58:46,-07:00,2026-05-05T15:58:46-07:00,2,0
projects\dsc106project3.html,88,html,1a2f47f4,Even Wu,2026-05-05,15:58:46,-07:00,2026-05-05T15:58:46-07:00,0,0
projects\dsc106project3.html,89,html,1a2f47f4,Even Wu,2026-05-05,15:58:46,-07:00,2026-05-05T15:58:46-07:00,2,34
projects\dsc106project3.html,90,html,1a2f47f4,Even Wu,2026-05-05,15:58:46,-07:00,2026-05-05T15:58:46-07:00,2,23
projects\dsc106project3.html,91,html,1a2f47f4,Even Wu,2026-05-05,15:58:46,-07:00,2026-05-05T15:58:46-07:00,3,16
projects\dsc106project3.html,92,html,1a2f47f4,Even Wu,2026-05-05,15:58:46,-07:00,2026-05-05T15:58:46-07:00,2,0
projects\dsc106project3.html,93,html,1a2f47f4,Even Wu,2026-05-05,15:58:46,-07:00,2026-05-05T15:58:46-07:00,0,0
projects\dsc106project3.html,94,html,1a2f47f4,Even Wu,2026-05-05,15:58:46,-07:00,2026-05-05T15:58:46-07:00,2,28
projects\dsc106project3.html,95,html,1a2f47f4,Even Wu,2026-05-05,15:58:46,-07:00,2026-05-05T15:58:46-07:00,2,34
projects\dsc106project3.html,96,html,1a2f47f4,Even Wu,2026-05-05,15:58:46,-07:00,2026-05-05T15:58:46-07:00,4,13
projects\dsc106project3.html,97,html,1a2f47f4,Even Wu,2026-05-05,15:58:46,-07:00,2026-05-05T15:58:46-07:00,2,0
projects\dsc106project3.html,98,html,1a2f47f4,Even Wu,2026-05-05,15:58:46,-07:00,2026-05-05T15:58:46-07:00,0,0
projects\dsc106project3.html,99,html,1a2f47f4,Even Wu,2026-05-05,15:58:46,-07:00,2026-05-05T15:58:46-07:00,2,30
projects\dsc106project3.html,100,html,1a2f47f4,Even Wu,2026-05-05,15:58:46,-07:00,2026-05-05T15:58:46-07:00,4,13
projects\dsc106project3.html,101,html,1a2f47f4,Even Wu,2026-05-05,15:58:46,-07:00,2026-05-05T15:58:46-07:00,2,0
projects\dsc106project3.html,102,html,1a2f47f4,Even Wu,2026-05-05,15:58:46,-07:00,2026-05-05T15:58:46-07:00,0,0
projects\dsc106project3.html,103,html,1a2f47f4,Even Wu,2026-05-05,15:58:46,-07:00,2026-05-05T15:58:46-07:00,2,30
projects\dsc106project3.html,104,html,1a2f47f4,Even Wu,2026-05-05,15:58:46,-07:00,2026-05-05T15:58:46-07:00,4,13
projects\dsc106project3.html,105,html,1a2f47f4,Even Wu,2026-05-05,15:58:46,-07:00,2026-05-05T15:58:46-07:00,2,0
projects\dsc106project3.html,106,html,1a2f47f4,Even Wu,2026-05-05,15:58:46,-07:00,2026-05-05T15:58:46-07:00,1,6
projects\dsc106project3.html,107,html,1a2f47f4,Even Wu,2026-05-05,15:58:46,-07:00,2026-05-05T15:58:46-07:00,0,5
projects\dsc106project3.html,108,html,1a2f47f4,Even Wu,2026-05-05,15:58:46,-07:00,2026-05-05T15:58:46-07:00,0,0
projects\dsc106project3.html,109,html,1a2f47f4,Even Wu,2026-05-05,15:58:46,-07:00,2026-05-05T15:58:46-07:00,0,4
projects\dsc106project3.html,110,html,1a2f47f4,Even Wu,2026-05-05,15:58:46,-07:00,2026-05-05T15:58:46-07:00,1,6
projects\dsc106project3.html,111,html,1a2f47f4,Even Wu,2026-05-05,15:58:46,-07:00,2026-05-05T15:58:46-07:00,2,58
projects\dsc106project3.html,112,html,1a2f47f4,Even Wu,2026-05-05,15:58:46,-07:00,2026-05-05T15:58:46-07:00,1,7
projects\dsc106project3.html,113,html,1a2f47f4,Even Wu,2026-05-05,15:58:46,-07:00,2026-05-05T15:58:46-07:00,0,0
projects\dsc106project3.html,114,html,1a2f47f4,Even Wu,2026-05-05,15:58:46,-07:00,2026-05-05T15:58:46-07:00,1,4
projects\dsc106project3.html,115,html,1a2f47f4,Even Wu,2026-05-05,15:58:46,-07:00,2026-05-05T15:58:46-07:00,2,20
projects\dsc106project3.html,116,html,1a2f47f4,Even Wu,2026-05-05,15:58:46,-07:00,2026-05-05T15:58:46-07:00,0,0
projects\dsc106project3.html,117,html,1a2f47f4,Even Wu,2026-05-05,15:58:46,-07:00,2026-05-05T15:58:46-07:00,2,17
projects\dsc106project3.html,118,html,1a2f47f4,Even Wu,2026-05-05,15:58:46,-07:00,2026-05-05T15:58:46-07:00,3,73
projects\dsc106project3.html,119,html,1a2f47f4,Even Wu,2026-05-05,15:58:46,-07:00,2026-05-05T15:58:46-07:00,3,65
projects\dsc106project3.html,120,html,1a2f47f4,Even Wu,2026-05-05,15:58:46,-07:00,2026-05-05T15:58:46-07:00,3,65
projects\dsc106project3.html,121,html,1a2f47f4,Even Wu,2026-05-05,15:58:46,-07:00,2026-05-05T15:58:46-07:00,2,4
projects\dsc106project3.html,122,html,1a2f47f4,Even Wu,2026-05-05,15:58:46,-07:00,2026-05-05T15:58:46-07:00,0,0
projects\dsc106project3.html,123,html,1a2f47f4,Even Wu,2026-05-05,15:58:46,-07:00,2026-05-05T15:58:46-07:00,2,62
projects\dsc106project3.html,124,html,1a2f47f4,Even Wu,2026-05-05,15:58:46,-07:00,2026-05-05T15:58:46-07:00,4,2
projects\dsc106project3.html,125,html,1a2f47f4,Even Wu,2026-05-05,15:58:46,-07:00,2026-05-05T15:58:46-07:00,6,2
projects\dsc106project3.html,126,html,1a2f47f4,Even Wu,2026-05-05,15:58:46,-07:00,2026-05-05T15:58:46-07:00,6,79
projects\dsc106project3.html,127,html,1a2f47f4,Even Wu,2026-05-05,15:58:46,-07:00,2026-05-05T15:58:46-07:00,6,88
projects\dsc106project3.html,128,html,1a2f47f4,Even Wu,2026-05-05,15:58:46,-07:00,2026-05-05T15:58:46-07:00,6,3
projects\dsc106project3.html,129,html,1a2f47f4,Even Wu,2026-05-05,15:58:46,-07:00,2026-05-05T15:58:46-07:00,0,0
projects\dsc106project3.html,130,html,1a2f47f4,Even Wu,2026-05-05,15:58:46,-07:00,2026-05-05T15:58:46-07:00,6,2
projects\dsc106project3.html,131,html,1a2f47f4,Even Wu,2026-05-05,15:58:46,-07:00,2026-05-05T15:58:46-07:00,6,81
projects\dsc106project3.html,132,html,1a2f47f4,Even Wu,2026-05-05,15:58:46,-07:00,2026-05-05T15:58:46-07:00,6,44
projects\dsc106project3.html,133,html,1a2f47f4,Even Wu,2026-05-05,15:58:46,-07:00,2026-05-05T15:58:46-07:00,6,3
projects\dsc106project3.html,134,html,1a2f47f4,Even Wu,2026-05-05,15:58:46,-07:00,2026-05-05T15:58:46-07:00,0,0
projects\dsc106project3.html,135,html,1a2f47f4,Even Wu,2026-05-05,15:58:46,-07:00,2026-05-05T15:58:46-07:00,6,2
projects\dsc106project3.html,136,html,1a2f47f4,Even Wu,2026-05-05,15:58:46,-07:00,2026-05-05T15:58:46-07:00,6,77
projects\dsc106project3.html,137,html,1a2f47f4,Even Wu,2026-05-05,15:58:46,-07:00,2026-05-05T15:58:46-07:00,6,58
projects\dsc106project3.html,138,html,1a2f47f4,Even Wu,2026-05-05,15:58:46,-07:00,2026-05-05T15:58:46-07:00,6,3
projects\dsc106project3.html,139,html,1a2f47f4,Even Wu,2026-05-05,15:58:46,-07:00,2026-05-05T15:58:46-07:00,4,3
projects\dsc106project3.html,140,html,1a2f47f4,Even Wu,2026-05-05,15:58:46,-07:00,2026-05-05T15:58:46-07:00,2,8
projects\dsc106project3.html,141,html,1a2f47f4,Even Wu,2026-05-05,15:58:46,-07:00,2026-05-05T15:58:46-07:00,0,0
projects\dsc106project3.html,142,html,1a2f47f4,Even Wu,2026-05-05,15:58:46,-07:00,2026-05-05T15:58:46-07:00,0,0
projects\dsc106project3.html,143,html,1a2f47f4,Even Wu,2026-05-05,15:58:46,-07:00,2026-05-05T15:58:46-07:00,2,6
projects\dsc106project3.html,144,html,1a2f47f4,Even Wu,2026-05-05,15:58:46,-07:00,2026-05-05T15:58:46-07:00,3,1
projects\dsc106project3.html,145,html,1a2f47f4,Even Wu,2026-05-05,15:58:46,-07:00,2026-05-05T15:58:46-07:00,4,10
projects\dsc106project3.html,146,html,1a2f47f4,Even Wu,2026-05-05,15:58:46,-07:00,2026-05-05T15:58:46-07:00,4,136
projects\dsc106project3.html,147,html,1a2f47f4,Even Wu,2026-05-05,15:58:46,-07:00,2026-05-05T15:58:46-07:00,3,2
projects\dsc106project3.html,148,html,1a2f47f4,Even Wu,2026-05-05,15:58:46,-07:00,2026-05-05T15:58:46-07:00,2,7
projects\dsc106project3.html,149,html,1a2f47f4,Even Wu,2026-05-05,15:58:46,-07:00,2026-05-05T15:58:46-07:00,1,5
projects\dsc106project3.html,150,html,1a2f47f4,Even Wu,2026-05-05,15:58:46,-07:00,2026-05-05T15:58:46-07:00,0,0
projects\dsc106project3.html,151,html,1a2f47f4,Even Wu,2026-05-05,15:58:46,-07:00,2026-05-05T15:58:46-07:00,1,21
projects\dsc106project3.html,152,html,1a2f47f4,Even Wu,2026-05-05,15:58:46,-07:00,2026-05-05T15:58:46-07:00,1,33
projects\dsc106project3.html,153,html,1a2f47f4,Even Wu,2026-05-05,15:58:46,-07:00,2026-05-05T15:58:46-07:00,0,5
projects\dsc106project3.html,154,html,1a2f47f4,Even Wu,2026-05-05,15:58:46,-07:00,2026-05-05T15:58:46-07:00,0,5
projects\dsc106project2.html,1,html,5536570f,Even Wu,2026-04-28,18:02:20,-07:00,2026-04-28T18:02:20-07:00,0,13
projects\dsc106project2.html,2,html,5536570f,Even Wu,2026-04-28,18:02:20,-07:00,2026-04-28T18:02:20-07:00,0,14
projects\dsc106project2.html,3,html,5536570f,Even Wu,2026-04-28,18:02:20,-07:00,2026-04-28T18:02:20-07:00,2,4
projects\dsc106project2.html,4,html,5536570f,Even Wu,2026-04-28,18:02:20,-07:00,2026-04-28T18:02:20-07:00,4,29
projects\dsc106project2.html,5,html,5536570f,Even Wu,2026-04-28,18:02:20,-07:00,2026-04-28T18:02:20-07:00,4,5
projects\dsc106project2.html,6,html,5536570f,Even Wu,2026-04-28,18:02:20,-07:00,2026-04-28T18:02:20-07:00,6,5
projects\dsc106project2.html,7,html,5536570f,Even Wu,2026-04-28,18:02:20,-07:00,2026-04-28T18:02:20-07:00,8,35
projects\dsc106project2.html,8,html,5536570f,Even Wu,2026-04-28,18:02:20,-07:00,2026-04-28T18:02:20-07:00,8,35
projects\dsc106project2.html,9,html,5536570f,Even Wu,2026-04-28,18:02:20,-07:00,2026-04-28T18:02:20-07:00,8,35
projects\dsc106project2.html,10,html,5536570f,Even Wu,2026-04-28,18:02:20,-07:00,2026-04-28T18:02:20-07:00,8,35
projects\dsc106project2.html,11,html,5536570f,Even Wu,2026-04-28,18:02:20,-07:00,2026-04-28T18:02:20-07:00,8,35
projects\dsc106project2.html,12,html,5536570f,Even Wu,2026-04-28,18:02:20,-07:00,2026-04-28T18:02:20-07:00,8,35
projects\dsc106project2.html,13,html,5536570f,Even Wu,2026-04-28,18:02:20,-07:00,2026-04-28T18:02:20-07:00,8,35
projects\dsc106project2.html,14,html,5536570f,Even Wu,2026-04-28,18:02:20,-07:00,2026-04-28T18:02:20-07:00,8,35
projects\dsc106project2.html,15,html,5536570f,Even Wu,2026-04-28,18:02:20,-07:00,2026-04-28T18:02:20-07:00,8,35
projects\dsc106project2.html,16,html,5536570f,Even Wu,2026-04-28,18:02:20,-07:00,2026-04-28T18:02:20-07:00,8,35
projects\dsc106project2.html,17,html,5536570f,Even Wu,2026-04-28,18:02:20,-07:00,2026-04-28T18:02:20-07:00,6,0
projects\dsc106project2.html,18,html,5536570f,Even Wu,2026-04-28,18:02:20,-07:00,2026-04-28T18:02:20-07:00,0,0
projects\dsc106project2.html,19,html,5536570f,Even Wu,2026-04-28,18:02:20,-07:00,2026-04-28T18:02:20-07:00,6,4
projects\dsc106project2.html,20,html,5536570f,Even Wu,2026-04-28,18:02:20,-07:00,2026-04-28T18:02:20-07:00,8,23
projects\dsc106project2.html,21,html,5536570f,Even Wu,2026-04-28,18:02:20,-07:00,2026-04-28T18:02:20-07:00,8,20
projects\dsc106project2.html,22,html,5536570f,Even Wu,2026-04-28,18:02:20,-07:00,2026-04-28T18:02:20-07:00,8,34
projects\dsc106project2.html,23,html,5536570f,Even Wu,2026-04-28,18:02:20,-07:00,2026-04-28T18:02:20-07:00,8,25
projects\dsc106project2.html,24,html,5536570f,Even Wu,2026-04-28,18:02:20,-07:00,2026-04-28T18:02:20-07:00,8,13
projects\dsc106project2.html,25,html,5536570f,Even Wu,2026-04-28,18:02:20,-07:00,2026-04-28T18:02:20-07:00,6,0
projects\dsc106project2.html,26,html,5536570f,Even Wu,2026-04-28,18:02:20,-07:00,2026-04-28T18:02:20-07:00,6,0
projects\dsc106project2.html,27,html,5536570f,Even Wu,2026-04-28,18:02:20,-07:00,2026-04-28T18:02:20-07:00,6,3
projects\dsc106project2.html,28,html,5536570f,Even Wu,2026-04-28,18:02:20,-07:00,2026-04-28T18:02:20-07:00,8,14
projects\dsc106project2.html,29,html,5536570f,Even Wu,2026-04-28,18:02:20,-07:00,2026-04-28T18:02:20-07:00,8,11
projects\dsc106project2.html,30,html,5536570f,Even Wu,2026-04-28,18:02:20,-07:00,2026-04-28T18:02:20-07:00,8,13
projects\dsc106project2.html,31,html,5536570f,Even Wu,2026-04-28,18:02:20,-07:00,2026-04-28T18:02:20-07:00,6,0
projects\dsc106project2.html,32,html,5536570f,Even Wu,2026-04-28,18:02:20,-07:00,2026-04-28T18:02:20-07:00,0,0
projects\dsc106project2.html,33,html,5536570f,Even Wu,2026-04-28,18:02:20,-07:00,2026-04-28T18:02:20-07:00,6,12
projects\dsc106project2.html,34,html,5536570f,Even Wu,2026-04-28,18:02:20,-07:00,2026-04-28T18:02:20-07:00,0,0
projects\dsc106project2.html,35,html,5536570f,Even Wu,2026-04-28,18:02:20,-07:00,2026-04-28T18:02:20-07:00,6,1
projects\dsc106project2.html,36,html,5536570f,Even Wu,2026-04-28,18:02:20,-07:00,2026-04-28T18:02:20-07:00,6,1
projects\dsc106project2.html,37,html,5536570f,Even Wu,2026-04-28,18:02:20,-07:00,2026-04-28T18:02:20-07:00,6,1
projects\dsc106project2.html,38,html,5536570f,Even Wu,2026-04-28,18:02:20,-07:00,2026-04-28T18:02:20-07:00,6,1
projects\dsc106project2.html,39,html,5536570f,Even Wu,2026-04-28,18:02:20,-07:00,2026-04-28T18:02:20-07:00,6,1
projects\dsc106project2.html,40,html,5536570f,Even Wu,2026-04-28,18:02:20,-07:00,2026-04-28T18:02:20-07:00,6,2
projects\dsc106project2.html,41,html,5536570f,Even Wu,2026-04-28,18:02:20,-07:00,2026-04-28T18:02:20-07:00,8,15
projects\dsc106project2.html,42,html,5536570f,Even Wu,2026-04-28,18:02:20,-07:00,2026-04-28T18:02:20-07:00,8,15
projects\dsc106project2.html,43,html,5536570f,Even Wu,2026-04-28,18:02:20,-07:00,2026-04-28T18:02:20-07:00,8,17
projects\dsc106project2.html,44,html,5536570f,Even Wu,2026-04-28,18:02:20,-07:00,2026-04-28T18:02:20-07:00,6,0
projects\dsc106project2.html,45,html,5536570f,Even Wu,2026-04-28,18:02:20,-07:00,2026-04-28T18:02:20-07:00,0,0
projects\dsc106project2.html,46,html,5536570f,Even Wu,2026-04-28,18:02:20,-07:00,2026-04-28T18:02:20-07:00,6,1
projects\dsc106project2.html,47,html,5536570f,Even Wu,2026-04-28,18:02:20,-07:00,2026-04-28T18:02:20-07:00,6,2
projects\dsc106project2.html,48,html,5536570f,Even Wu,2026-04-28,18:02:20,-07:00,2026-04-28T18:02:20-07:00,8,47
projects\dsc106project2.html,49,html,5536570f,Even Wu,2026-04-28,18:02:20,-07:00,2026-04-28T18:02:20-07:00,8,20
projects\dsc106project2.html,50,html,5536570f,Even Wu,2026-04-28,18:02:20,-07:00,2026-04-28T18:02:20-07:00,6,0
projects\dsc106project2.html,51,html,5536570f,Even Wu,2026-04-28,18:02:20,-07:00,2026-04-28T18:02:20-07:00,0,0
projects\dsc106project2.html,52,html,5536570f,Even Wu,2026-04-28,18:02:20,-07:00,2026-04-28T18:02:20-07:00,6,2
projects\dsc106project2.html,53,html,5536570f,Even Wu,2026-04-28,18:02:20,-07:00,2026-04-28T18:02:20-07:00,8,23
projects\dsc106project2.html,54,html,5536570f,Even Wu,2026-04-28,18:02:20,-07:00,2026-04-28T18:02:20-07:00,8,48
projects\dsc106project2.html,55,html,5536570f,Even Wu,2026-04-28,18:02:20,-07:00,2026-04-28T18:02:20-07:00,8,15
projects\dsc106project2.html,56,html,5536570f,Even Wu,2026-04-28,18:02:20,-07:00,2026-04-28T18:02:20-07:00,0,0
projects\dsc106project2.html,57,html,5536570f,Even Wu,2026-04-28,18:02:20,-07:00,2026-04-28T18:02:20-07:00,8,5
projects\dsc106project2.html,58,html,5536570f,Even Wu,2026-04-28,18:02:20,-07:00,2026-04-28T18:02:20-07:00,10,13
projects\dsc106project2.html,59,html,5536570f,Even Wu,2026-04-28,18:02:20,-07:00,2026-04-28T18:02:20-07:00,10,17
projects\dsc106project2.html,60,html,5536570f,Even Wu,2026-04-28,18:02:20,-07:00,2026-04-28T18:02:20-07:00,10,19
projects\dsc106project2.html,61,html,5536570f,Even Wu,2026-04-28,18:02:20,-07:00,2026-04-28T18:02:20-07:00,10,18
projects\dsc106project2.html,62,html,5536570f,Even Wu,2026-04-28,18:02:20,-07:00,2026-04-28T18:02:20-07:00,10,11
projects\dsc106project2.html,63,html,5536570f,Even Wu,2026-04-28,18:02:20,-07:00,2026-04-28T18:02:20-07:00,10,34
projects\dsc106project2.html,64,html,5536570f,Even Wu,2026-04-28,18:02:20,-07:00,2026-04-28T18:02:20-07:00,10,13
projects\dsc106project2.html,65,html,5536570f,Even Wu,2026-04-28,18:02:20,-07:00,2026-04-28T18:02:20-07:00,10,24
projects\dsc106project2.html,66,html,5536570f,Even Wu,2026-04-28,18:02:20,-07:00,2026-04-28T18:02:20-07:00,10,18
projects\dsc106project2.html,67,html,5536570f,Even Wu,2026-04-28,18:02:20,-07:00,2026-04-28T18:02:20-07:00,8,0
projects\dsc106project2.html,68,html,5536570f,Even Wu,2026-04-28,18:02:20,-07:00,2026-04-28T18:02:20-07:00,6,0
projects\dsc106project2.html,69,html,5536570f,Even Wu,2026-04-28,18:02:20,-07:00,2026-04-28T18:02:20-07:00,0,0
projects\dsc106project2.html,70,html,5536570f,Even Wu,2026-04-28,18:02:20,-07:00,2026-04-28T18:02:20-07:00,6,2
projects\dsc106project2.html,71,html,5536570f,Even Wu,2026-04-28,18:02:20,-07:00,2026-04-28T18:02:20-07:00,8,14
projects\dsc106project2.html,72,html,5536570f,Even Wu,2026-04-28,18:02:20,-07:00,2026-04-28T18:02:20-07:00,8,29
projects\dsc106project2.html,73,html,5536570f,Even Wu,2026-04-28,18:02:20,-07:00,2026-04-28T18:02:20-07:00,6,0
projects\dsc106project2.html,74,html,5536570f,Even Wu,2026-04-28,18:02:20,-07:00,2026-04-28T18:02:20-07:00,0,0
projects\dsc106project2.html,75,html,5536570f,Even Wu,2026-04-28,18:02:20,-07:00,2026-04-28T18:02:20-07:00,6,2
projects\dsc106project2.html,76,html,5536570f,Even Wu,2026-04-28,18:02:20,-07:00,2026-04-28T18:02:20-07:00,8,14
projects\dsc106project2.html,77,html,5536570f,Even Wu,2026-04-28,18:02:20,-07:00,2026-04-28T18:02:20-07:00,6,0
projects\dsc106project2.html,78,html,5536570f,Even Wu,2026-04-28,18:02:20,-07:00,2026-04-28T18:02:20-07:00,0,0
projects\dsc106project2.html,79,html,5536570f,Even Wu,2026-04-28,18:02:20,-07:00,2026-04-28T18:02:20-07:00,6,9
projects\dsc106project2.html,80,html,5536570f,Even Wu,2026-04-28,18:02:20,-07:00,2026-04-28T18:02:20-07:00,0,0
projects\dsc106project2.html,81,html,5536570f,Even Wu,2026-04-28,18:02:20,-07:00,2026-04-28T18:02:20-07:00,6,1
projects\dsc106project2.html,82,html,5536570f,Even Wu,2026-04-28,18:02:20,-07:00,2026-04-28T18:02:20-07:00,6,2
projects\dsc106project2.html,83,html,5536570f,Even Wu,2026-04-28,18:02:20,-07:00,2026-04-28T18:02:20-07:00,8,24
projects\dsc106project2.html,84,html,5536570f,Even Wu,2026-04-28,18:02:20,-07:00,2026-04-28T18:02:20-07:00,6,0
projects\dsc106project2.html,85,html,5536570f,Even Wu,2026-04-28,18:02:20,-07:00,2026-04-28T18:02:20-07:00,0,0
projects\dsc106project2.html,86,html,5536570f,Even Wu,2026-04-28,18:02:20,-07:00,2026-04-28T18:02:20-07:00,6,2
projects\dsc106project2.html,87,html,5536570f,Even Wu,2026-04-28,18:02:20,-07:00,2026-04-28T18:02:20-07:00,8,9
projects\dsc106project2.html,88,html,5536570f,Even Wu,2026-04-28,18:02:20,-07:00,2026-04-28T18:02:20-07:00,10,29
projects\dsc106project2.html,89,html,5536570f,Even Wu,2026-04-28,18:02:20,-07:00,2026-04-28T18:02:20-07:00,8,0
projects\dsc106project2.html,90,html,5536570f,Even Wu,2026-04-28,18:02:20,-07:00,2026-04-28T18:02:20-07:00,0,0
projects\dsc106project2.html,91,html,5536570f,Even Wu,2026-04-28,18:02:20,-07:00,2026-04-28T18:02:20-07:00,8,4
projects\dsc106project2.html,92,html,5536570f,Even Wu,2026-04-28,18:02:20,-07:00,2026-04-28T18:02:20-07:00,10,16
projects\dsc106project2.html,93,html,5536570f,Even Wu,2026-04-28,18:02:20,-07:00,2026-04-28T18:02:20-07:00,8,0
projects\dsc106project2.html,94,html,5536570f,Even Wu,2026-04-28,18:02:20,-07:00,2026-04-28T18:02:20-07:00,6,0
projects\dsc106project2.html,95,html,5536570f,Even Wu,2026-04-28,18:02:20,-07:00,2026-04-28T18:02:20-07:00,0,0
projects\dsc106project2.html,96,html,5536570f,Even Wu,2026-04-28,18:02:20,-07:00,2026-04-28T18:02:20-07:00,6,23
projects\dsc106project2.html,97,html,5536570f,Even Wu,2026-04-28,18:02:20,-07:00,2026-04-28T18:02:20-07:00,0,0
projects\dsc106project2.html,98,html,5536570f,Even Wu,2026-04-28,18:02:20,-07:00,2026-04-28T18:02:20-07:00,6,6
projects\dsc106project2.html,99,html,5536570f,Even Wu,2026-04-28,18:02:20,-07:00,2026-04-28T18:02:20-07:00,8,17
projects\dsc106project2.html,100,html,5536570f,Even Wu,2026-04-28,18:02:20,-07:00,2026-04-28T18:02:20-07:00,8,17
projects\dsc106project2.html,101,html,5536570f,Even Wu,2026-04-28,18:02:20,-07:00,2026-04-28T18:02:20-07:00,6,0
projects\dsc106project2.html,102,html,5536570f,Even Wu,2026-04-28,18:02:20,-07:00,2026-04-28T18:02:20-07:00,0,0
projects\dsc106project2.html,103,html,5536570f,Even Wu,2026-04-28,18:02:20,-07:00,2026-04-28T18:02:20-07:00,6,4
projects\dsc106project2.html,104,html,5536570f,Even Wu,2026-04-28,18:02:20,-07:00,2026-04-28T18:02:20-07:00,8,16
projects\dsc106project2.html,105,html,5536570f,Even Wu,2026-04-28,18:02:20,-07:00,2026-04-28T18:02:20-07:00,8,29
projects\dsc106project2.html,106,html,5536570f,Even Wu,2026-04-28,18:02:20,-07:00,2026-04-28T18:02:20-07:00,8,18
projects\dsc106project2.html,107,html,5536570f,Even Wu,2026-04-28,18:02:20,-07:00,2026-04-28T18:02:20-07:00,8,19
projects\dsc106project2.html,108,html,5536570f,Even Wu,2026-04-28,18:02:20,-07:00,2026-04-28T18:02:20-07:00,6,0
projects\dsc106project2.html,109,html,5536570f,Even Wu,2026-04-28,18:02:20,-07:00,2026-04-28T18:02:20-07:00,0,0
projects\dsc106project2.html,110,html,5536570f,Even Wu,2026-04-28,18:02:20,-07:00,2026-04-28T18:02:20-07:00,6,11
projects\dsc106project2.html,111,html,5536570f,Even Wu,2026-04-28,18:02:20,-07:00,2026-04-28T18:02:20-07:00,0,0
projects\dsc106project2.html,112,html,5536570f,Even Wu,2026-04-28,18:02:20,-07:00,2026-04-28T18:02:20-07:00,6,6
projects\dsc106project2.html,113,html,5536570f,Even Wu,2026-04-28,18:02:20,-07:00,2026-04-28T18:02:20-07:00,8,12
projects\dsc106project2.html,114,html,5536570f,Even Wu,2026-04-28,18:02:20,-07:00,2026-04-28T18:02:20-07:00,8,14
projects\dsc106project2.html,115,html,5536570f,Even Wu,2026-04-28,18:02:20,-07:00,2026-04-28T18:02:20-07:00,8,20
projects\dsc106project2.html,116,html,5536570f,Even Wu,2026-04-28,18:02:20,-07:00,2026-04-28T18:02:20-07:00,8,40
projects\dsc106project2.html,117,html,5536570f,Even Wu,2026-04-28,18:02:20,-07:00,2026-04-28T18:02:20-07:00,8,48
projects\dsc106project2.html,118,html,5536570f,Even Wu,2026-04-28,18:02:20,-07:00,2026-04-28T18:02:20-07:00,8,17
projects\dsc106project2.html,119,html,5536570f,Even Wu,2026-04-28,18:02:20,-07:00,2026-04-28T18:02:20-07:00,8,16
projects\dsc106project2.html,120,html,5536570f,Even Wu,2026-04-28,18:02:20,-07:00,2026-04-28T18:02:20-07:00,0,0
projects\dsc106project2.html,121,html,5536570f,Even Wu,2026-04-28,18:02:20,-07:00,2026-04-28T18:02:20-07:00,8,12
projects\dsc106project2.html,122,html,5536570f,Even Wu,2026-04-28,18:02:20,-07:00,2026-04-28T18:02:20-07:00,10,29
projects\dsc106project2.html,123,html,5536570f,Even Wu,2026-04-28,18:02:20,-07:00,2026-04-28T18:02:20-07:00,10,34
projects\dsc106project2.html,124,html,5536570f,Even Wu,2026-04-28,18:02:20,-07:00,2026-04-28T18:02:20-07:00,10,14
projects\dsc106project2.html,125,html,5536570f,Even Wu,2026-04-28,18:02:20,-07:00,2026-04-28T18:02:20-07:00,10,14
projects\dsc106project2.html,126,html,5536570f,Even Wu,2026-04-28,18:02:20,-07:00,2026-04-28T18:02:20-07:00,10,17
projects\dsc106project2.html,127,html,5536570f,Even Wu,2026-04-28,18:02:20,-07:00,2026-04-28T18:02:20-07:00,10,24
projects\dsc106project2.html,128,html,5536570f,Even Wu,2026-04-28,18:02:20,-07:00,2026-04-28T18:02:20-07:00,10,15
projects\dsc106project2.html,129,html,5536570f,Even Wu,2026-04-28,18:02:20,-07:00,2026-04-28T18:02:20-07:00,0,0
projects\dsc106project2.html,130,html,5536570f,Even Wu,2026-04-28,18:02:20,-07:00,2026-04-28T18:02:20-07:00,10,9
projects\dsc106project2.html,131,html,5536570f,Even Wu,2026-04-28,18:02:20,-07:00,2026-04-28T18:02:20-07:00,12,38
projects\dsc106project2.html,132,html,5536570f,Even Wu,2026-04-28,18:02:20,-07:00,2026-04-28T18:02:20-07:00,12,16
projects\dsc106project2.html,133,html,5536570f,Even Wu,2026-04-28,18:02:20,-07:00,2026-04-28T18:02:20-07:00,12,29
projects\dsc106project2.html,134,html,5536570f,Even Wu,2026-04-28,18:02:20,-07:00,2026-04-28T18:02:20-07:00,10,0
projects\dsc106project2.html,135,html,5536570f,Even Wu,2026-04-28,18:02:20,-07:00,2026-04-28T18:02:20-07:00,0,0
projects\dsc106project2.html,136,html,5536570f,Even Wu,2026-04-28,18:02:20,-07:00,2026-04-28T18:02:20-07:00,10,30
projects\dsc106project2.html,137,html,5536570f,Even Wu,2026-04-28,18:02:20,-07:00,2026-04-28T18:02:20-07:00,12,13
projects\dsc106project2.html,138,html,5536570f,Even Wu,2026-04-28,18:02:20,-07:00,2026-04-28T18:02:20-07:00,12,25
projects\dsc106project2.html,139,html,5536570f,Even Wu,2026-04-28,18:02:20,-07:00,2026-04-28T18:02:20-07:00,12,31
projects\dsc106project2.html,140,html,5536570f,Even Wu,2026-04-28,18:02:20,-07:00,2026-04-28T18:02:20-07:00,14,5
projects\dsc106project2.html,141,html,5536570f,Even Wu,2026-04-28,18:02:20,-07:00,2026-04-28T18:02:20-07:00,14,11
projects\dsc106project2.html,142,html,5536570f,Even Wu,2026-04-28,18:02:20,-07:00,2026-04-28T18:02:20-07:00,14,13
projects\dsc106project2.html,143,html,5536570f,Even Wu,2026-04-28,18:02:20,-07:00,2026-04-28T18:02:20-07:00,12,0
projects\dsc106project2.html,144,html,5536570f,Even Wu,2026-04-28,18:02:20,-07:00,2026-04-28T18:02:20-07:00,10,0
projects\dsc106project2.html,145,html,5536570f,Even Wu,2026-04-28,18:02:20,-07:00,2026-04-28T18:02:20-07:00,8,0
projects\dsc106project2.html,146,html,5536570f,Even Wu,2026-04-28,18:02:20,-07:00,2026-04-28T18:02:20-07:00,6,0
projects\dsc106project2.html,147,html,5536570f,Even Wu,2026-04-28,18:02:20,-07:00,2026-04-28T18:02:20-07:00,4,6
projects\dsc106project2.html,148,html,5536570f,Even Wu,2026-04-28,18:02:20,-07:00,2026-04-28T18:02:20-07:00,2,5
projects\dsc106project2.html,149,html,5536570f,Even Wu,2026-04-28,18:02:20,-07:00,2026-04-28T18:02:20-07:00,0,0
projects\dsc106project2.html,150,html,5536570f,Even Wu,2026-04-28,18:02:20,-07:00,2026-04-28T18:02:20-07:00,2,4
projects\dsc106project2.html,151,html,5536570f,Even Wu,2026-04-28,18:02:20,-07:00,2026-04-28T18:02:20-07:00,4,6
projects\dsc106project2.html,152,html,5536570f,Even Wu,2026-04-28,18:02:20,-07:00,2026-04-28T18:02:20-07:00,6,2
projects\dsc106project2.html,153,html,5536570f,Even Wu,2026-04-28,18:02:20,-07:00,2026-04-28T18:02:20-07:00,8,22
projects\dsc106project2.html,154,html,5536570f,Even Wu,2026-04-28,18:02:20,-07:00,2026-04-28T18:02:20-07:00,8,36
projects\dsc106project2.html,155,html,5536570f,Even Wu,2026-04-28,18:02:20,-07:00,2026-04-28T18:02:20-07:00,6,3
projects\dsc106project2.html,156,html,5536570f,Even Wu,2026-04-28,18:02:20,-07:00,2026-04-28T18:02:20-07:00,0,0
projects\dsc106project2.html,157,html,5536570f,Even Wu,2026-04-28,18:02:20,-07:00,2026-04-28T18:02:20-07:00,6,57
projects\dsc106project2.html,158,html,5536570f,Even Wu,2026-04-28,18:02:20,-07:00,2026-04-28T18:02:20-07:00,6,55
projects\dsc106project2.html,159,html,5536570f,Even Wu,2026-04-28,18:02:20,-07:00,2026-04-28T18:02:20-07:00,6,56
projects\dsc106project2.html,160,html,5536570f,Even Wu,2026-04-28,18:02:20,-07:00,2026-04-28T18:02:20-07:00,6,59
projects\dsc106project2.html,161,html,5536570f,Even Wu,2026-04-28,18:02:20,-07:00,2026-04-28T18:02:20-07:00,4,7
projects\dsc106project2.html,162,html,5536570f,Even Wu,2026-04-28,18:02:20,-07:00,2026-04-28T18:02:20-07:00,0,0
projects\dsc106project2.html,163,html,5536570f,Even Wu,2026-04-28,18:02:20,-07:00,2026-04-28T18:02:20-07:00,4,4
projects\dsc106project2.html,164,html,5536570f,Even Wu,2026-04-28,18:02:20,-07:00,2026-04-28T18:02:20-07:00,6,14
projects\dsc106project2.html,165,html,5536570f,Even Wu,2026-04-28,18:02:20,-07:00,2026-04-28T18:02:20-07:00,8,0
projects\dsc106project2.html,166,html,5536570f,Even Wu,2026-04-28,18:02:20,-07:00,2026-04-28T18:02:20-07:00,8,92
projects\dsc106project2.html,167,html,5536570f,Even Wu,2026-04-28,18:02:20,-07:00,2026-04-28T18:02:20-07:00,0,0
projects\dsc106project2.html,168,html,5536570f,Even Wu,2026-04-28,18:02:20,-07:00,2026-04-28T18:02:20-07:00,6,7
projects\dsc106project2.html,169,html,5536570f,Even Wu,2026-04-28,18:02:20,-07:00,2026-04-28T18:02:20-07:00,8,27
projects\dsc106project2.html,170,html,5536570f,Even Wu,2026-04-28,18:02:20,-07:00,2026-04-28T18:02:20-07:00,8,131
projects\dsc106project2.html,171,html,5536570f,Even Wu,2026-04-28,18:02:20,-07:00,2026-04-28T18:02:20-07:00,0,0
projects\dsc106project2.html,172,html,5536570f,Even Wu,2026-04-28,18:02:20,-07:00,2026-04-28T18:02:20-07:00,8,6
projects\dsc106project2.html,173,html,5536570f,Even Wu,2026-04-28,18:02:20,-07:00,2026-04-28T18:02:20-07:00,10,44
projects\dsc106project2.html,174,html,5536570f,Even Wu,2026-04-28,18:02:20,-07:00,2026-04-28T18:02:20-07:00,10,42
projects\dsc106project2.html,175,html,5536570f,Even Wu,2026-04-28,18:02:20,-07:00,2026-04-28T18:02:20-07:00,8,7
projects\dsc106project2.html,176,html,5536570f,Even Wu,2026-04-28,18:02:20,-07:00,2026-04-28T18:02:20-07:00,0,0
projects\dsc106project2.html,177,html,5536570f,Even Wu,2026-04-28,18:02:20,-07:00,2026-04-28T18:02:20-07:00,8,38
projects\dsc106project2.html,178,html,5536570f,Even Wu,2026-04-28,18:02:20,-07:00,2026-04-28T18:02:20-07:00,0,0
projects\dsc106project2.html,179,html,5536570f,Even Wu,2026-04-28,18:02:20,-07:00,2026-04-28T18:02:20-07:00,8,7
projects\dsc106project2.html,180,html,5536570f,Even Wu,2026-04-28,18:02:20,-07:00,2026-04-28T18:02:20-07:00,10,103
projects\dsc106project2.html,181,html,5536570f,Even Wu,2026-04-28,18:02:20,-07:00,2026-04-28T18:02:20-07:00,10,45
projects\dsc106project2.html,182,html,5536570f,Even Wu,2026-04-28,18:02:20,-07:00,2026-04-28T18:02:20-07:00,10,1
projects\dsc106project2.html,183,html,5536570f,Even Wu,2026-04-28,18:02:20,-07:00,2026-04-28T18:02:20-07:00,12,92
projects\dsc106project2.html,184,html,5536570f,Even Wu,2026-04-28,18:02:20,-07:00,2026-04-28T18:02:20-07:00,12,93
projects\dsc106project2.html,185,html,5536570f,Even Wu,2026-04-28,18:02:20,-07:00,2026-04-28T18:02:20-07:00,12,44
projects\dsc106project2.html,186,html,5536570f,Even Wu,2026-04-28,18:02:20,-07:00,2026-04-28T18:02:20-07:00,12,93
projects\dsc106project2.html,187,html,5536570f,Even Wu,2026-04-28,18:02:20,-07:00,2026-04-28T18:02:20-07:00,12,95
projects\dsc106project2.html,188,html,5536570f,Even Wu,2026-04-28,18:02:20,-07:00,2026-04-28T18:02:20-07:00,12,77
projects\dsc106project2.html,189,html,5536570f,Even Wu,2026-04-28,18:02:20,-07:00,2026-04-28T18:02:20-07:00,10,2
projects\dsc106project2.html,190,html,5536570f,Even Wu,2026-04-28,18:02:20,-07:00,2026-04-28T18:02:20-07:00,8,8
projects\dsc106project2.html,191,html,5536570f,Even Wu,2026-04-28,18:02:20,-07:00,2026-04-28T18:02:20-07:00,8,0
projects\dsc106project2.html,192,html,5536570f,Even Wu,2026-04-28,18:02:20,-07:00,2026-04-28T18:02:20-07:00,8,7
projects\dsc106project2.html,193,html,5536570f,Even Wu,2026-04-28,18:02:20,-07:00,2026-04-28T18:02:20-07:00,10,76
projects\dsc106project2.html,194,html,5536570f,Even Wu,2026-04-28,18:02:20,-07:00,2026-04-28T18:02:20-07:00,10,45
projects\dsc106project2.html,195,html,5536570f,Even Wu,2026-04-28,18:02:20,-07:00,2026-04-28T18:02:20-07:00,10,1
projects\dsc106project2.html,196,html,5536570f,Even Wu,2026-04-28,18:02:20,-07:00,2026-04-28T18:02:20-07:00,12,92
projects\dsc106project2.html,197,html,5536570f,Even Wu,2026-04-28,18:02:20,-07:00,2026-04-28T18:02:20-07:00,12,94
projects\dsc106project2.html,198,html,5536570f,Even Wu,2026-04-28,18:02:20,-07:00,2026-04-28T18:02:20-07:00,12,20
projects\dsc106project2.html,199,html,5536570f,Even Wu,2026-04-28,18:02:20,-07:00,2026-04-28T18:02:20-07:00,12,87
projects\dsc106project2.html,200,html,5536570f,Even Wu,2026-04-28,18:02:20,-07:00,2026-04-28T18:02:20-07:00,12,88
projects\dsc106project2.html,201,html,5536570f,Even Wu,2026-04-28,18:02:20,-07:00,2026-04-28T18:02:20-07:00,12,89
projects\dsc106project2.html,202,html,5536570f,Even Wu,2026-04-28,18:02:20,-07:00,2026-04-28T18:02:20-07:00,12,8
projects\dsc106project2.html,203,html,5536570f,Even Wu,2026-04-28,18:02:20,-07:00,2026-04-28T18:02:20-07:00,10,2
projects\dsc106project2.html,204,html,5536570f,Even Wu,2026-04-28,18:02:20,-07:00,2026-04-28T18:02:20-07:00,8,8
projects\dsc106project2.html,205,html,5536570f,Even Wu,2026-04-28,18:02:20,-07:00,2026-04-28T18:02:20-07:00,0,0
projects\dsc106project2.html,206,html,5536570f,Even Wu,2026-04-28,18:02:20,-07:00,2026-04-28T18:02:20-07:00,8,7
projects\dsc106project2.html,207,html,5536570f,Even Wu,2026-04-28,18:02:20,-07:00,2026-04-28T18:02:20-07:00,10,80
projects\dsc106project2.html,208,html,5536570f,Even Wu,2026-04-28,18:02:20,-07:00,2026-04-28T18:02:20-07:00,10,45
projects\dsc106project2.html,209,html,5536570f,Even Wu,2026-04-28,18:02:20,-07:00,2026-04-28T18:02:20-07:00,10,1
projects\dsc106project2.html,210,html,5536570f,Even Wu,2026-04-28,18:02:20,-07:00,2026-04-28T18:02:20-07:00,12,94
projects\dsc106project2.html,211,html,5536570f,Even Wu,2026-04-28,18:02:20,-07:00,2026-04-28T18:02:20-07:00,12,92
projects\dsc106project2.html,212,html,5536570f,Even Wu,2026-04-28,18:02:20,-07:00,2026-04-28T18:02:20-07:00,12,66
projects\dsc106project2.html,213,html,5536570f,Even Wu,2026-04-28,18:02:20,-07:00,2026-04-28T18:02:20-07:00,12,87
projects\dsc106project2.html,214,html,5536570f,Even Wu,2026-04-28,18:02:20,-07:00,2026-04-28T18:02:20-07:00,12,88
projects\dsc106project2.html,215,html,5536570f,Even Wu,2026-04-28,18:02:20,-07:00,2026-04-28T18:02:20-07:00,12,57
projects\dsc106project2.html,216,html,5536570f,Even Wu,2026-04-28,18:02:20,-07:00,2026-04-28T18:02:20-07:00,10,2
projects\dsc106project2.html,217,html,5536570f,Even Wu,2026-04-28,18:02:20,-07:00,2026-04-28T18:02:20-07:00,8,8
projects\dsc106project2.html,218,html,5536570f,Even Wu,2026-04-28,18:02:20,-07:00,2026-04-28T18:02:20-07:00,0,0
projects\dsc106project2.html,219,html,5536570f,Even Wu,2026-04-28,18:02:20,-07:00,2026-04-28T18:02:20-07:00,6,8
projects\dsc106project2.html,220,html,5536570f,Even Wu,2026-04-28,18:02:20,-07:00,2026-04-28T18:02:20-07:00,0,0
projects\dsc106project2.html,221,html,5536570f,Even Wu,2026-04-28,18:02:20,-07:00,2026-04-28T18:02:20-07:00,6,2
projects\dsc106project2.html,222,html,5536570f,Even Wu,2026-04-28,18:02:20,-07:00,2026-04-28T18:02:20-07:00,0,0
projects\dsc106project2.html,223,html,5536570f,Even Wu,2026-04-28,18:02:20,-07:00,2026-04-28T18:02:20-07:00,6,7
projects\dsc106project2.html,224,html,5536570f,Even Wu,2026-04-28,18:02:20,-07:00,2026-04-28T18:02:20-07:00,8,31
projects\dsc106project2.html,225,html,5536570f,Even Wu,2026-04-28,18:02:20,-07:00,2026-04-28T18:02:20-07:00,8,155
projects\dsc106project2.html,226,html,5536570f,Even Wu,2026-04-28,18:02:20,-07:00,2026-04-28T18:02:20-07:00,0,0
projects\dsc106project2.html,227,html,5536570f,Even Wu,2026-04-28,18:02:20,-07:00,2026-04-28T18:02:20-07:00,8,6
projects\dsc106project2.html,228,html,5536570f,Even Wu,2026-04-28,18:02:20,-07:00,2026-04-28T18:02:20-07:00,10,48
projects\dsc106project2.html,229,html,5536570f,Even Wu,2026-04-28,18:02:20,-07:00,2026-04-28T18:02:20-07:00,10,42
projects\dsc106project2.html,230,html,5536570f,Even Wu,2026-04-28,18:02:20,-07:00,2026-04-28T18:02:20-07:00,8,7
projects\dsc106project2.html,231,html,5536570f,Even Wu,2026-04-28,18:02:20,-07:00,2026-04-28T18:02:20-07:00,0,0
projects\dsc106project2.html,232,html,5536570f,Even Wu,2026-04-28,18:02:20,-07:00,2026-04-28T18:02:20-07:00,8,38
projects\dsc106project2.html,233,html,5536570f,Even Wu,2026-04-28,18:02:20,-07:00,2026-04-28T18:02:20-07:00,0,0
projects\dsc106project2.html,234,html,5536570f,Even Wu,2026-04-28,18:02:20,-07:00,2026-04-28T18:02:20-07:00,8,7
projects\dsc106project2.html,235,html,5536570f,Even Wu,2026-04-28,18:02:20,-07:00,2026-04-28T18:02:20-07:00,10,98
projects\dsc106project2.html,236,html,5536570f,Even Wu,2026-04-28,18:02:20,-07:00,2026-04-28T18:02:20-07:00,10,45
projects\dsc106project2.html,237,html,5536570f,Even Wu,2026-04-28,18:02:20,-07:00,2026-04-28T18:02:20-07:00,10,1
projects\dsc106project2.html,238,html,5536570f,Even Wu,2026-04-28,18:02:20,-07:00,2026-04-28T18:02:20-07:00,12,91
projects\dsc106project2.html,239,html,5536570f,Even Wu,2026-04-28,18:02:20,-07:00,2026-04-28T18:02:20-07:00,12,91
projects\dsc106project2.html,240,html,5536570f,Even Wu,2026-04-28,18:02:20,-07:00,2026-04-28T18:02:20-07:00,12,93
projects\dsc106project2.html,241,html,5536570f,Even Wu,2026-04-28,18:02:20,-07:00,2026-04-28T18:02:20-07:00,12,69
projects\dsc106project2.html,242,html,5536570f,Even Wu,2026-04-28,18:02:20,-07:00,2026-04-28T18:02:20-07:00,12,81
projects\dsc106project2.html,243,html,5536570f,Even Wu,2026-04-28,18:02:20,-07:00,2026-04-28T18:02:20-07:00,12,87
projects\dsc106project2.html,244,html,5536570f,Even Wu,2026-04-28,18:02:20,-07:00,2026-04-28T18:02:20-07:00,12,79
projects\dsc106project2.html,245,html,5536570f,Even Wu,2026-04-28,18:02:20,-07:00,2026-04-28T18:02:20-07:00,10,2
projects\dsc106project2.html,246,html,5536570f,Even Wu,2026-04-28,18:02:20,-07:00,2026-04-28T18:02:20-07:00,8,8
projects\dsc106project2.html,247,html,5536570f,Even Wu,2026-04-28,18:02:20,-07:00,2026-04-28T18:02:20-07:00,8,0
projects\dsc106project2.html,248,html,5536570f,Even Wu,2026-04-28,18:02:20,-07:00,2026-04-28T18:02:20-07:00,8,7
projects\dsc106project2.html,249,html,5536570f,Even Wu,2026-04-28,18:02:20,-07:00,2026-04-28T18:02:20-07:00,10,65
projects\dsc106project2.html,250,html,5536570f,Even Wu,2026-04-28,18:02:20,-07:00,2026-04-28T18:02:20-07:00,10,45
projects\dsc106project2.html,251,html,5536570f,Even Wu,2026-04-28,18:02:20,-07:00,2026-04-28T18:02:20-07:00,10,1
projects\dsc106project2.html,252,html,5536570f,Even Wu,2026-04-28,18:02:20,-07:00,2026-04-28T18:02:20-07:00,12,92
projects\dsc106project2.html,253,html,5536570f,Even Wu,2026-04-28,18:02:20,-07:00,2026-04-28T18:02:20-07:00,12,95
projects\dsc106project2.html,254,html,5536570f,Even Wu,2026-04-28,18:02:20,-07:00,2026-04-28T18:02:20-07:00,12,36
projects\dsc106project2.html,255,html,5536570f,Even Wu,2026-04-28,18:02:20,-07:00,2026-04-28T18:02:20-07:00,12,96
projects\dsc106project2.html,256,html,5536570f,Even Wu,2026-04-28,18:02:20,-07:00,2026-04-28T18:02:20-07:00,12,91
projects\dsc106project2.html,257,html,5536570f,Even Wu,2026-04-28,18:02:20,-07:00,2026-04-28T18:02:20-07:00,12,94
projects\dsc106project2.html,258,html,5536570f,Even Wu,2026-04-28,18:02:20,-07:00,2026-04-28T18:02:20-07:00,12,38
projects\dsc106project2.html,259,html,5536570f,Even Wu,2026-04-28,18:02:20,-07:00,2026-04-28T18:02:20-07:00,10,2
projects\dsc106project2.html,260,html,5536570f,Even Wu,2026-04-28,18:02:20,-07:00,2026-04-28T18:02:20-07:00,8,8
projects\dsc106project2.html,261,html,5536570f,Even Wu,2026-04-28,18:02:20,-07:00,2026-04-28T18:02:20-07:00,0,0
projects\dsc106project2.html,262,html,5536570f,Even Wu,2026-04-28,18:02:20,-07:00,2026-04-28T18:02:20-07:00,8,7
projects\dsc106project2.html,263,html,5536570f,Even Wu,2026-04-28,18:02:20,-07:00,2026-04-28T18:02:20-07:00,10,89
projects\dsc106project2.html,264,html,5536570f,Even Wu,2026-04-28,18:02:20,-07:00,2026-04-28T18:02:20-07:00,10,45
projects\dsc106project2.html,265,html,5536570f,Even Wu,2026-04-28,18:02:20,-07:00,2026-04-28T18:02:20-07:00,10,1
projects\dsc106project2.html,266,html,5536570f,Even Wu,2026-04-28,18:02:20,-07:00,2026-04-28T18:02:20-07:00,12,96
projects\dsc106project2.html,267,html,5536570f,Even Wu,2026-04-28,18:02:20,-07:00,2026-04-28T18:02:20-07:00,12,94
projects\dsc106project2.html,268,html,5536570f,Even Wu,2026-04-28,18:02:20,-07:00,2026-04-28T18:02:20-07:00,12,96
projects\dsc106project2.html,269,html,5536570f,Even Wu,2026-04-28,18:02:20,-07:00,2026-04-28T18:02:20-07:00,12,14
projects\dsc106project2.html,270,html,5536570f,Even Wu,2026-04-28,18:02:20,-07:00,2026-04-28T18:02:20-07:00,12,96
projects\dsc106project2.html,271,html,5536570f,Even Wu,2026-04-28,18:02:20,-07:00,2026-04-28T18:02:20-07:00,12,94
projects\dsc106project2.html,272,html,5536570f,Even Wu,2026-04-28,18:02:20,-07:00,2026-04-28T18:02:20-07:00,12,86
projects\dsc106project2.html,273,html,5536570f,Even Wu,2026-04-28,18:02:20,-07:00,2026-04-28T18:02:20-07:00,12,16
projects\dsc106project2.html,274,html,5536570f,Even Wu,2026-04-28,18:02:20,-07:00,2026-04-28T18:02:20-07:00,10,2
projects\dsc106project2.html,275,html,5536570f,Even Wu,2026-04-28,18:02:20,-07:00,2026-04-28T18:02:20-07:00,8,8
projects\dsc106project2.html,276,html,5536570f,Even Wu,2026-04-28,18:02:20,-07:00,2026-04-28T18:02:20-07:00,0,0
projects\dsc106project2.html,277,html,5536570f,Even Wu,2026-04-28,18:02:20,-07:00,2026-04-28T18:02:20-07:00,6,8
projects\dsc106project2.html,278,html,5536570f,Even Wu,2026-04-28,18:02:20,-07:00,2026-04-28T18:02:20-07:00,0,0
projects\dsc106project2.html,279,html,014d1c56,Even Wu,2026-04-28,19:44:15,-07:00,2026-04-28T19:44:15-07:00,0,0
projects\dsc106project2.html,280,html,5536570f,Even Wu,2026-04-28,18:02:20,-07:00,2026-04-28T18:02:20-07:00,6,7
projects\dsc106project2.html,281,html,5536570f,Even Wu,2026-04-28,18:02:20,-07:00,2026-04-28T18:02:20-07:00,8,23
projects\dsc106project2.html,282,html,5536570f,Even Wu,2026-04-28,18:02:20,-07:00,2026-04-28T18:02:20-07:00,0,0
projects\dsc106project2.html,283,html,014d1c56,Even Wu,2026-04-28,19:44:15,-07:00,2026-04-28T19:44:15-07:00,8,1
projects\dsc106project2.html,284,html,014d1c56,Even Wu,2026-04-28,19:44:15,-07:00,2026-04-28T19:44:15-07:00,10,217
projects\dsc106project2.html,285,html,014d1c56,Even Wu,2026-04-28,19:44:15,-07:00,2026-04-28T19:44:15-07:00,10,220
projects\dsc106project2.html,286,html,014d1c56,Even Wu,2026-04-28,19:44:15,-07:00,2026-04-28T19:44:15-07:00,10,225
projects\dsc106project2.html,287,html,014d1c56,Even Wu,2026-04-28,19:44:15,-07:00,2026-04-28T19:44:15-07:00,10,240
projects\dsc106project2.html,288,html,014d1c56,Even Wu,2026-04-28,19:44:15,-07:00,2026-04-28T19:44:15-07:00,10,114
projects\dsc106project2.html,289,html,014d1c56,Even Wu,2026-04-28,19:44:15,-07:00,2026-04-28T19:44:15-07:00,8,2
projects\dsc106project2.html,290,html,014d1c56,Even Wu,2026-04-28,19:44:15,-07:00,2026-04-28T19:44:15-07:00,0,0
projects\dsc106project2.html,291,html,014d1c56,Even Wu,2026-04-28,19:44:15,-07:00,2026-04-28T19:44:15-07:00,8,1
projects\dsc106project2.html,292,html,014d1c56,Even Wu,2026-04-28,19:44:15,-07:00,2026-04-28T19:44:15-07:00,10,248
projects\dsc106project2.html,293,html,014d1c56,Even Wu,2026-04-28,19:44:15,-07:00,2026-04-28T19:44:15-07:00,10,250
projects\dsc106project2.html,294,html,014d1c56,Even Wu,2026-04-28,19:44:15,-07:00,2026-04-28T19:44:15-07:00,10,251
projects\dsc106project2.html,295,html,014d1c56,Even Wu,2026-04-28,19:44:15,-07:00,2026-04-28T19:44:15-07:00,10,24
projects\dsc106project2.html,296,html,014d1c56,Even Wu,2026-04-28,19:44:15,-07:00,2026-04-28T19:44:15-07:00,8,2
projects\dsc106project2.html,297,html,014d1c56,Even Wu,2026-04-28,19:44:15,-07:00,2026-04-28T19:44:15-07:00,0,0
projects\dsc106project2.html,298,html,014d1c56,Even Wu,2026-04-28,19:44:15,-07:00,2026-04-28T19:44:15-07:00,8,1
projects\dsc106project2.html,299,html,014d1c56,Even Wu,2026-04-28,19:44:15,-07:00,2026-04-28T19:44:15-07:00,10,253
projects\dsc106project2.html,300,html,014d1c56,Even Wu,2026-04-28,19:44:15,-07:00,2026-04-28T19:44:15-07:00,10,257
projects\dsc106project2.html,301,html,014d1c56,Even Wu,2026-04-28,19:44:15,-07:00,2026-04-28T19:44:15-07:00,10,259
projects\dsc106project2.html,302,html,014d1c56,Even Wu,2026-04-28,19:44:15,-07:00,2026-04-28T19:44:15-07:00,10,112
projects\dsc106project2.html,303,html,014d1c56,Even Wu,2026-04-28,19:44:15,-07:00,2026-04-28T19:44:15-07:00,8,2
projects\dsc106project2.html,304,html,014d1c56,Even Wu,2026-04-28,19:44:15,-07:00,2026-04-28T19:44:15-07:00,8,0
projects\dsc106project2.html,305,html,5536570f,Even Wu,2026-04-28,18:02:20,-07:00,2026-04-28T18:02:20-07:00,6,8
projects\dsc106project2.html,306,html,5536570f,Even Wu,2026-04-28,18:02:20,-07:00,2026-04-28T18:02:20-07:00,4,5
projects\dsc106project2.html,307,html,5536570f,Even Wu,2026-04-28,18:02:20,-07:00,2026-04-28T18:02:20-07:00,2,501
projects\dsc106project2.html,308,html,5536570f,Even Wu,2026-04-28,18:02:20,-07:00,2026-04-28T18:02:20-07:00,0,5
projects\dsc106project2.html,309,html,5536570f,Even Wu,2026-04-28,18:02:20,-07:00,2026-04-28T18:02:20-07:00,0,5
projects\dsc106P3.js,1,js,1a2f47f4,Even Wu,2026-05-05,15:58:46,-07:00,2026-05-05T15:58:46-07:00,0,32
projects\dsc106P3.js,2,js,1a2f47f4,Even Wu,2026-05-05,15:58:46,-07:00,2026-05-05T15:58:46-07:00,0,14
projects\dsc106P3.js,3,js,1a2f47f4,Even Wu,2026-05-05,15:58:46,-07:00,2026-05-05T15:58:46-07:00,0,32
projects\dsc106P3.js,4,js,1a2f47f4,Even Wu,2026-05-05,15:58:46,-07:00,2026-05-05T15:58:46-07:00,0,60
projects\dsc106P3.js,5,js,1a2f47f4,Even Wu,2026-05-05,15:58:46,-07:00,2026-05-05T15:58:46-07:00,2,49
projects\dsc106P3.js,6,js,1a2f47f4,Even Wu,2026-05-05,15:58:46,-07:00,2026-05-05T15:58:46-07:00,2,51
projects\dsc106P3.js,7,js,1a2f47f4,Even Wu,2026-05-05,15:58:46,-07:00,2026-05-05T15:58:46-07:00,2,63
projects\dsc106P3.js,8,js,1a2f47f4,Even Wu,2026-05-05,15:58:46,-07:00,2026-05-05T15:58:46-07:00,4,35
projects\dsc106P3.js,9,js,1a2f47f4,Even Wu,2026-05-05,15:58:46,-07:00,2026-05-05T15:58:46-07:00,2,0
projects\dsc106P3.js,10,js,1a2f47f4,Even Wu,2026-05-05,15:58:46,-07:00,2026-05-05T15:58:46-07:00,0,0
projects\dsc106P3.js,11,js,1a2f47f4,Even Wu,2026-05-05,15:58:46,-07:00,2026-05-05T15:58:46-07:00,2,14
projects\dsc106P3.js,12,js,1a2f47f4,Even Wu,2026-05-05,15:58:46,-07:00,2026-05-05T15:58:46-07:00,0,1
projects\dsc106P3.js,13,js,1a2f47f4,Even Wu,2026-05-05,15:58:46,-07:00,2026-05-05T15:58:46-07:00,0,0
projects\dsc106P3.js,14,js,1a2f47f4,Even Wu,2026-05-05,15:58:46,-07:00,2026-05-05T15:58:46-07:00,0,0
projects\dsc106P3.js,15,js,1a2f47f4,Even Wu,2026-05-05,15:58:46,-07:00,2026-05-05T15:58:46-07:00,0,32
projects\dsc106P3.js,16,js,1a2f47f4,Even Wu,2026-05-05,15:58:46,-07:00,2026-05-05T15:58:46-07:00,0,20
projects\dsc106P3.js,17,js,1a2f47f4,Even Wu,2026-05-05,15:58:46,-07:00,2026-05-05T15:58:46-07:00,0,32
projects\dsc106P3.js,18,js,1a2f47f4,Even Wu,2026-05-05,15:58:46,-07:00,2026-05-05T15:58:46-07:00,0,24
projects\dsc106P3.js,19,js,1a2f47f4,Even Wu,2026-05-05,15:58:46,-07:00,2026-05-05T15:58:46-07:00,0,0
projects\dsc106P3.js,20,js,1a2f47f4,Even Wu,2026-05-05,15:58:46,-07:00,2026-05-05T15:58:46-07:00,2,32
projects\dsc106P3.js,21,js,1a2f47f4,Even Wu,2026-05-05,15:58:46,-07:00,2026-05-05T15:58:46-07:00,2,11
projects\dsc106P3.js,22,js,1a2f47f4,Even Wu,2026-05-05,15:58:46,-07:00,2026-05-05T15:58:46-07:00,2,32
projects\dsc106P3.js,23,js,1a2f47f4,Even Wu,2026-05-05,15:58:46,-07:00,2026-05-05T15:58:46-07:00,2,59
projects\dsc106P3.js,24,js,1a2f47f4,Even Wu,2026-05-05,15:58:46,-07:00,2026-05-05T15:58:46-07:00,2,45
projects\dsc106P3.js,25,js,1a2f47f4,Even Wu,2026-05-05,15:58:46,-07:00,2026-05-05T15:58:46-07:00,2,46
projects\dsc106P3.js,26,js,1a2f47f4,Even Wu,2026-05-05,15:58:46,-07:00,2026-05-05T15:58:46-07:00,0,0
projects\dsc106P3.js,27,js,1a2f47f4,Even Wu,2026-05-05,15:58:46,-07:00,2026-05-05T15:58:46-07:00,2,32
projects\dsc106P3.js,28,js,1a2f47f4,Even Wu,2026-05-05,15:58:46,-07:00,2026-05-05T15:58:46-07:00,2,4
projects\dsc106P3.js,29,js,1a2f47f4,Even Wu,2026-05-05,15:58:46,-07:00,2026-05-05T15:58:46-07:00,2,32
projects\dsc106P3.js,30,js,1a2f47f4,Even Wu,2026-05-05,15:58:46,-07:00,2026-05-05T15:58:46-07:00,2,29
projects\dsc106P3.js,31,js,1a2f47f4,Even Wu,2026-05-05,15:58:46,-07:00,2026-05-05T15:58:46-07:00,4,12
projects\dsc106P3.js,32,js,1a2f47f4,Even Wu,2026-05-05,15:58:46,-07:00,2026-05-05T15:58:46-07:00,4,98
projects\dsc106P3.js,33,js,1a2f47f4,Even Wu,2026-05-05,15:58:46,-07:00,2026-05-05T15:58:46-07:00,4,44
projects\dsc106P3.js,34,js,1a2f47f4,Even Wu,2026-05-05,15:58:46,-07:00,2026-05-05T15:58:46-07:00,0,0
projects\dsc106P3.js,35,js,1a2f47f4,Even Wu,2026-05-05,15:58:46,-07:00,2026-05-05T15:58:46-07:00,0,0
projects\dsc106P3.js,36,js,1a2f47f4,Even Wu,2026-05-05,15:58:46,-07:00,2026-05-05T15:58:46-07:00,2,23
projects\dsc106P3.js,37,js,1a2f47f4,Even Wu,2026-05-05,15:58:46,-07:00,2026-05-05T15:58:46-07:00,4,60
projects\dsc106P3.js,38,js,1a2f47f4,Even Wu,2026-05-05,15:58:46,-07:00,2026-05-05T15:58:46-07:00,0,0
projects\dsc106P3.js,39,js,1a2f47f4,Even Wu,2026-05-05,15:58:46,-07:00,2026-05-05T15:58:46-07:00,2,10
projects\dsc106P3.js,40,js,1a2f47f4,Even Wu,2026-05-05,15:58:46,-07:00,2026-05-05T15:58:46-07:00,2,33
projects\dsc106P3.js,41,js,1a2f47f4,Even Wu,2026-05-05,15:58:46,-07:00,2026-05-05T15:58:46-07:00,4,11
projects\dsc106P3.js,42,js,1a2f47f4,Even Wu,2026-05-05,15:58:46,-07:00,2026-05-05T15:58:46-07:00,4,20
projects\dsc106P3.js,43,js,1a2f47f4,Even Wu,2026-05-05,15:58:46,-07:00,2026-05-05T15:58:46-07:00,4,22
projects\dsc106P3.js,44,js,1a2f47f4,Even Wu,2026-05-05,15:58:46,-07:00,2026-05-05T15:58:46-07:00,4,22
projects\dsc106P3.js,45,js,1a2f47f4,Even Wu,2026-05-05,15:58:46,-07:00,2026-05-05T15:58:46-07:00,4,18
projects\dsc106P3.js,46,js,1a2f47f4,Even Wu,2026-05-05,15:58:46,-07:00,2026-05-05T15:58:46-07:00,4,31
projects\dsc106P3.js,47,js,1a2f47f4,Even Wu,2026-05-05,15:58:46,-07:00,2026-05-05T15:58:46-07:00,2,0
projects\dsc106P3.js,48,js,1a2f47f4,Even Wu,2026-05-05,15:58:46,-07:00,2026-05-05T15:58:46-07:00,2,32
projects\dsc106P3.js,49,js,1a2f47f4,Even Wu,2026-05-05,15:58:46,-07:00,2026-05-05T15:58:46-07:00,2,7
projects\dsc106P3.js,50,js,1a2f47f4,Even Wu,2026-05-05,15:58:46,-07:00,2026-05-05T15:58:46-07:00,2,32
projects\dsc106P3.js,51,js,1a2f47f4,Even Wu,2026-05-05,15:58:46,-07:00,2026-05-05T15:58:46-07:00,2,24
projects\dsc106P3.js,52,js,1a2f47f4,Even Wu,2026-05-05,15:58:46,-07:00,2026-05-05T15:58:46-07:00,4,35
projects\dsc106P3.js,53,js,1a2f47f4,Even Wu,2026-05-05,15:58:46,-07:00,2026-05-05T15:58:46-07:00,4,17
projects\dsc106P3.js,54,js,1a2f47f4,Even Wu,2026-05-05,15:58:46,-07:00,2026-05-05T15:58:46-07:00,0,0
projects\dsc106P3.js,55,js,1a2f47f4,Even Wu,2026-05-05,15:58:46,-07:00,2026-05-05T15:58:46-07:00,2,24
projects\dsc106P3.js,56,js,1a2f47f4,Even Wu,2026-05-05,15:58:46,-07:00,2026-05-05T15:58:46-07:00,4,45
projects\dsc106P3.js,57,js,1a2f47f4,Even Wu,2026-05-05,15:58:46,-07:00,2026-05-05T15:58:46-07:00,4,18
projects\dsc106P3.js,58,js,1a2f47f4,Even Wu,2026-05-05,15:58:46,-07:00,2026-05-05T15:58:46-07:00,0,0
projects\dsc106P3.js,59,js,1a2f47f4,Even Wu,2026-05-05,15:58:46,-07:00,2026-05-05T15:58:46-07:00,2,29
projects\dsc106P3.js,60,js,1a2f47f4,Even Wu,2026-05-05,15:58:46,-07:00,2026-05-05T15:58:46-07:00,4,41
projects\dsc106P3.js,61,js,1a2f47f4,Even Wu,2026-05-05,15:58:46,-07:00,2026-05-05T15:58:46-07:00,4,40
projects\dsc106P3.js,62,js,1a2f47f4,Even Wu,2026-05-05,15:58:46,-07:00,2026-05-05T15:58:46-07:00,0,0
projects\dsc106P3.js,63,js,1a2f47f4,Even Wu,2026-05-05,15:58:46,-07:00,2026-05-05T15:58:46-07:00,2,32
projects\dsc106P3.js,64,js,1a2f47f4,Even Wu,2026-05-05,15:58:46,-07:00,2026-05-05T15:58:46-07:00,2,5
projects\dsc106P3.js,65,js,1a2f47f4,Even Wu,2026-05-05,15:58:46,-07:00,2026-05-05T15:58:46-07:00,2,32
projects\dsc106P3.js,66,js,1a2f47f4,Even Wu,2026-05-05,15:58:46,-07:00,2026-05-05T15:58:46-07:00,2,11
projects\dsc106P3.js,67,js,1a2f47f4,Even Wu,2026-05-05,15:58:46,-07:00,2026-05-05T15:58:46-07:00,4,42
projects\dsc106P3.js,68,js,1a2f47f4,Even Wu,2026-05-05,15:58:46,-07:00,2026-05-05T15:58:46-07:00,4,49
projects\dsc106P3.js,69,js,1a2f47f4,Even Wu,2026-05-05,15:58:46,-07:00,2026-05-05T15:58:46-07:00,0,0
projects\dsc106P3.js,70,js,1a2f47f4,Even Wu,2026-05-05,15:58:46,-07:00,2026-05-05T15:58:46-07:00,2,11
projects\dsc106P3.js,71,js,1a2f47f4,Even Wu,2026-05-05,15:58:46,-07:00,2026-05-05T15:58:46-07:00,4,20
projects\dsc106P3.js,72,js,1a2f47f4,Even Wu,2026-05-05,15:58:46,-07:00,2026-05-05T15:58:46-07:00,0,0
projects\dsc106P3.js,73,js,1a2f47f4,Even Wu,2026-05-05,15:58:46,-07:00,2026-05-05T15:58:46-07:00,2,13
projects\dsc106P3.js,74,js,1a2f47f4,Even Wu,2026-05-05,15:58:46,-07:00,2026-05-05T15:58:46-07:00,2,16
projects\dsc106P3.js,75,js,1a2f47f4,Even Wu,2026-05-05,15:58:46,-07:00,2026-05-05T15:58:46-07:00,4,23
projects\dsc106P3.js,76,js,1a2f47f4,Even Wu,2026-05-05,15:58:46,-07:00,2026-05-05T15:58:46-07:00,4,28
projects\dsc106P3.js,77,js,1a2f47f4,Even Wu,2026-05-05,15:58:46,-07:00,2026-05-05T15:58:46-07:00,4,50
projects\dsc106P3.js,78,js,1a2f47f4,Even Wu,2026-05-05,15:58:46,-07:00,2026-05-05T15:58:46-07:00,4,49
projects\dsc106P3.js,79,js,1a2f47f4,Even Wu,2026-05-05,15:58:46,-07:00,2026-05-05T15:58:46-07:00,4,12
projects\dsc106P3.js,80,js,1a2f47f4,Even Wu,2026-05-05,15:58:46,-07:00,2026-05-05T15:58:46-07:00,0,0
projects\dsc106P3.js,81,js,1a2f47f4,Even Wu,2026-05-05,15:58:46,-07:00,2026-05-05T15:58:46-07:00,2,13
projects\dsc106P3.js,82,js,1a2f47f4,Even Wu,2026-05-05,15:58:46,-07:00,2026-05-05T15:58:46-07:00,2,16
projects\dsc106P3.js,83,js,1a2f47f4,Even Wu,2026-05-05,15:58:46,-07:00,2026-05-05T15:58:46-07:00,4,23
projects\dsc106P3.js,84,js,1a2f47f4,Even Wu,2026-05-05,15:58:46,-07:00,2026-05-05T15:58:46-07:00,4,28
projects\dsc106P3.js,85,js,1a2f47f4,Even Wu,2026-05-05,15:58:46,-07:00,2026-05-05T15:58:46-07:00,4,31
projects\dsc106P3.js,86,js,1a2f47f4,Even Wu,2026-05-05,15:58:46,-07:00,2026-05-05T15:58:46-07:00,4,36
projects\dsc106P3.js,87,js,1a2f47f4,Even Wu,2026-05-05,15:58:46,-07:00,2026-05-05T15:58:46-07:00,4,12
projects\dsc106P3.js,88,js,1a2f47f4,Even Wu,2026-05-05,15:58:46,-07:00,2026-05-05T15:58:46-07:00,4,35
projects\dsc106P3.js,89,js,1a2f47f4,Even Wu,2026-05-05,15:58:46,-07:00,2026-05-05T15:58:46-07:00,0,0
projects\dsc106P3.js,90,js,1a2f47f4,Even Wu,2026-05-05,15:58:46,-07:00,2026-05-05T15:58:46-07:00,2,32
projects\dsc106P3.js,91,js,1a2f47f4,Even Wu,2026-05-05,15:58:46,-07:00,2026-05-05T15:58:46-07:00,2,15
projects\dsc106P3.js,92,js,1a2f47f4,Even Wu,2026-05-05,15:58:46,-07:00,2026-05-05T15:58:46-07:00,2,32
projects\dsc106P3.js,93,js,1a2f47f4,Even Wu,2026-05-05,15:58:46,-07:00,2026-05-05T15:58:46-07:00,2,20
projects\dsc106P3.js,94,js,1a2f47f4,Even Wu,2026-05-05,15:58:46,-07:00,2026-05-05T15:58:46-07:00,4,16
projects\dsc106P3.js,95,js,1a2f47f4,Even Wu,2026-05-05,15:58:46,-07:00,2026-05-05T15:58:46-07:00,4,20
projects\dsc106P3.js,96,js,1a2f47f4,Even Wu,2026-05-05,15:58:46,-07:00,2026-05-05T15:58:46-07:00,0,0
projects\dsc106P3.js,97,js,1a2f47f4,Even Wu,2026-05-05,15:58:46,-07:00,2026-05-05T15:58:46-07:00,2,32
projects\dsc106P3.js,98,js,1a2f47f4,Even Wu,2026-05-05,15:58:46,-07:00,2026-05-05T15:58:46-07:00,2,23
projects\dsc106P3.js,99,js,1a2f47f4,Even Wu,2026-05-05,15:58:46,-07:00,2026-05-05T15:58:46-07:00,2,32
projects\dsc106P3.js,100,js,1a2f47f4,Even Wu,2026-05-05,15:58:46,-07:00,2026-05-05T15:58:46-07:00,2,48
projects\dsc106P3.js,101,js,1a2f47f4,Even Wu,2026-05-05,15:58:46,-07:00,2026-05-05T15:58:46-07:00,0,0
projects\dsc106P3.js,102,js,1a2f47f4,Even Wu,2026-05-05,15:58:46,-07:00,2026-05-05T15:58:46-07:00,2,32
projects\dsc106P3.js,103,js,1a2f47f4,Even Wu,2026-05-05,15:58:46,-07:00,2026-05-05T15:58:46-07:00,2,11
projects\dsc106P3.js,104,js,1a2f47f4,Even Wu,2026-05-05,15:58:46,-07:00,2026-05-05T15:58:46-07:00,2,32
projects\dsc106P3.js,105,js,1a2f47f4,Even Wu,2026-05-05,15:58:46,-07:00,2026-05-05T15:58:46-07:00,2,39
projects\dsc106P3.js,106,js,1a2f47f4,Even Wu,2026-05-05,15:58:46,-07:00,2026-05-05T15:58:46-07:00,4,14
projects\dsc106P3.js,107,js,1a2f47f4,Even Wu,2026-05-05,15:58:46,-07:00,2026-05-05T15:58:46-07:00,6,12
projects\dsc106P3.js,108,js,1a2f47f4,Even Wu,2026-05-05,15:58:46,-07:00,2026-05-05T15:58:46-07:00,6,19
projects\dsc106P3.js,109,js,1a2f47f4,Even Wu,2026-05-05,15:58:46,-07:00,2026-05-05T15:58:46-07:00,6,30
projects\dsc106P3.js,110,js,1a2f47f4,Even Wu,2026-05-05,15:58:46,-07:00,2026-05-05T15:58:46-07:00,6,22
projects\dsc106P3.js,111,js,1a2f47f4,Even Wu,2026-05-05,15:58:46,-07:00,2026-05-05T15:58:46-07:00,6,41
projects\dsc106P3.js,112,js,1a2f47f4,Even Wu,2026-05-05,15:58:46,-07:00,2026-05-05T15:58:46-07:00,6,15
projects\dsc106P3.js,113,js,1a2f47f4,Even Wu,2026-05-05,15:58:46,-07:00,2026-05-05T15:58:46-07:00,2,1
projects\dsc106P3.js,114,js,1a2f47f4,Even Wu,2026-05-05,15:58:46,-07:00,2026-05-05T15:58:46-07:00,0,0
projects\dsc106P3.js,115,js,1a2f47f4,Even Wu,2026-05-05,15:58:46,-07:00,2026-05-05T15:58:46-07:00,2,32
projects\dsc106P3.js,116,js,1a2f47f4,Even Wu,2026-05-05,15:58:46,-07:00,2026-05-05T15:58:46-07:00,2,8
projects\dsc106P3.js,117,js,1a2f47f4,Even Wu,2026-05-05,15:58:46,-07:00,2026-05-05T15:58:46-07:00,2,32
projects\dsc106P3.js,118,js,1a2f47f4,Even Wu,2026-05-05,15:58:46,-07:00,2026-05-05T15:58:46-07:00,2,33
projects\dsc106P3.js,119,js,1a2f47f4,Even Wu,2026-05-05,15:58:46,-07:00,2026-05-05T15:58:46-07:00,4,12
projects\dsc106P3.js,120,js,1a2f47f4,Even Wu,2026-05-05,15:58:46,-07:00,2026-05-05T15:58:46-07:00,4,23
projects\dsc106P3.js,121,js,1a2f47f4,Even Wu,2026-05-05,15:58:46,-07:00,2026-05-05T15:58:46-07:00,4,18
projects\dsc106P3.js,122,js,1a2f47f4,Even Wu,2026-05-05,15:58:46,-07:00,2026-05-05T15:58:46-07:00,4,31
projects\dsc106P3.js,123,js,1a2f47f4,Even Wu,2026-05-05,15:58:46,-07:00,2026-05-05T15:58:46-07:00,0,0
projects\dsc106P3.js,124,js,1a2f47f4,Even Wu,2026-05-05,15:58:46,-07:00,2026-05-05T15:58:46-07:00,2,32
projects\dsc106P3.js,125,js,1a2f47f4,Even Wu,2026-05-05,15:58:46,-07:00,2026-05-05T15:58:46-07:00,2,18
projects\dsc106P3.js,126,js,1a2f47f4,Even Wu,2026-05-05,15:58:46,-07:00,2026-05-05T15:58:46-07:00,2,32
projects\dsc106P3.js,127,js,1a2f47f4,Even Wu,2026-05-05,15:58:46,-07:00,2026-05-05T15:58:46-07:00,2,27
projects\dsc106P3.js,128,js,1a2f47f4,Even Wu,2026-05-05,15:58:46,-07:00,2026-05-05T15:58:46-07:00,4,36
projects\dsc106P3.js,129,js,1a2f47f4,Even Wu,2026-05-05,15:58:46,-07:00,2026-05-05T15:58:46-07:00,6,29
projects\dsc106P3.js,130,js,1a2f47f4,Even Wu,2026-05-05,15:58:46,-07:00,2026-05-05T15:58:46-07:00,0,0
projects\dsc106P3.js,131,js,1a2f47f4,Even Wu,2026-05-05,15:58:46,-07:00,2026-05-05T15:58:46-07:00,6,23
projects\dsc106P3.js,132,js,1a2f47f4,Even Wu,2026-05-05,15:58:46,-07:00,2026-05-05T15:58:46-07:00,6,24
projects\dsc106P3.js,133,js,1a2f47f4,Even Wu,2026-05-05,15:58:46,-07:00,2026-05-05T15:58:46-07:00,0,0
projects\dsc106P3.js,134,js,1a2f47f4,Even Wu,2026-05-05,15:58:46,-07:00,2026-05-05T15:58:46-07:00,6,49
projects\dsc106P3.js,135,js,1a2f47f4,Even Wu,2026-05-05,15:58:46,-07:00,2026-05-05T15:58:46-07:00,6,43
projects\dsc106P3.js,136,js,1a2f47f4,Even Wu,2026-05-05,15:58:46,-07:00,2026-05-05T15:58:46-07:00,6,26
projects\dsc106P3.js,137,js,1a2f47f4,Even Wu,2026-05-05,15:58:46,-07:00,2026-05-05T15:58:46-07:00,0,0
projects\dsc106P3.js,138,js,1a2f47f4,Even Wu,2026-05-05,15:58:46,-07:00,2026-05-05T15:58:46-07:00,6,19
projects\dsc106P3.js,139,js,1a2f47f4,Even Wu,2026-05-05,15:58:46,-07:00,2026-05-05T15:58:46-07:00,6,15
projects\dsc106P3.js,140,js,1a2f47f4,Even Wu,2026-05-05,15:58:46,-07:00,2026-05-05T15:58:46-07:00,6,69
projects\dsc106P3.js,141,js,1a2f47f4,Even Wu,2026-05-05,15:58:46,-07:00,2026-05-05T15:58:46-07:00,0,0
projects\dsc106P3.js,142,js,1a2f47f4,Even Wu,2026-05-05,15:58:46,-07:00,2026-05-05T15:58:46-07:00,6,15
projects\dsc106P3.js,143,js,1a2f47f4,Even Wu,2026-05-05,15:58:46,-07:00,2026-05-05T15:58:46-07:00,6,6
projects\dsc106P3.js,144,js,1a2f47f4,Even Wu,2026-05-05,15:58:46,-07:00,2026-05-05T15:58:46-07:00,8,26
projects\dsc106P3.js,145,js,1a2f47f4,Even Wu,2026-05-05,15:58:46,-07:00,2026-05-05T15:58:46-07:00,8,29
projects\dsc106P3.js,146,js,1a2f47f4,Even Wu,2026-05-05,15:58:46,-07:00,2026-05-05T15:58:46-07:00,8,19
projects\dsc106P3.js,147,js,1a2f47f4,Even Wu,2026-05-05,15:58:46,-07:00,2026-05-05T15:58:46-07:00,0,0
projects\dsc106P3.js,148,js,1a2f47f4,Even Wu,2026-05-05,15:58:46,-07:00,2026-05-05T15:58:46-07:00,6,27
projects\dsc106P3.js,149,js,1a2f47f4,Even Wu,2026-05-05,15:58:46,-07:00,2026-05-05T15:58:46-07:00,6,5
projects\dsc106P3.js,150,js,1a2f47f4,Even Wu,2026-05-05,15:58:46,-07:00,2026-05-05T15:58:46-07:00,8,18
projects\dsc106P3.js,151,js,1a2f47f4,Even Wu,2026-05-05,15:58:46,-07:00,2026-05-05T15:58:46-07:00,8,5
projects\dsc106P3.js,152,js,1a2f47f4,Even Wu,2026-05-05,15:58:46,-07:00,2026-05-05T15:58:46-07:00,10,38
projects\dsc106P3.js,153,js,1a2f47f4,Even Wu,2026-05-05,15:58:46,-07:00,2026-05-05T15:58:46-07:00,10,23
projects\dsc106P3.js,154,js,1a2f47f4,Even Wu,2026-05-05,15:58:46,-07:00,2026-05-05T15:58:46-07:00,10,35
projects\dsc106P3.js,155,js,1a2f47f4,Even Wu,2026-05-05,15:58:46,-07:00,2026-05-05T15:58:46-07:00,8,0
projects\dsc106P3.js,156,js,1a2f47f4,Even Wu,2026-05-05,15:58:46,-07:00,2026-05-05T15:58:46-07:00,8,40
projects\dsc106P3.js,157,js,1a2f47f4,Even Wu,2026-05-05,15:58:46,-07:00,2026-05-05T15:58:46-07:00,8,40
projects\dsc106P3.js,158,js,1a2f47f4,Even Wu,2026-05-05,15:58:46,-07:00,2026-05-05T15:58:46-07:00,4,0
projects\dsc106P3.js,159,js,1a2f47f4,Even Wu,2026-05-05,15:58:46,-07:00,2026-05-05T15:58:46-07:00,4,23
projects\dsc106P3.js,160,js,1a2f47f4,Even Wu,2026-05-05,15:58:46,-07:00,2026-05-05T15:58:46-07:00,6,27
projects\dsc106P3.js,161,js,1a2f47f4,Even Wu,2026-05-05,15:58:46,-07:00,2026-05-05T15:58:46-07:00,6,26
projects\dsc106P3.js,162,js,1a2f47f4,Even Wu,2026-05-05,15:58:46,-07:00,2026-05-05T15:58:46-07:00,4,1
projects\dsc106P3.js,163,js,1a2f47f4,Even Wu,2026-05-05,15:58:46,-07:00,2026-05-05T15:58:46-07:00,0,0
projects\dsc106P3.js,164,js,1a2f47f4,Even Wu,2026-05-05,15:58:46,-07:00,2026-05-05T15:58:46-07:00,2,0
projects\dsc106P3.js,165,js,1a2f47f4,Even Wu,2026-05-05,15:58:46,-07:00,2026-05-05T15:58:46-07:00,2,44
projects\dsc106P3.js,166,js,1a2f47f4,Even Wu,2026-05-05,15:58:46,-07:00,2026-05-05T15:58:46-07:00,2,52
projects\dsc106P3.js,167,js,1a2f47f4,Even Wu,2026-05-05,15:58:46,-07:00,2026-05-05T15:58:46-07:00,0,0
projects\dsc106P3.js,168,js,1a2f47f4,Even Wu,2026-05-05,15:58:46,-07:00,2026-05-05T15:58:46-07:00,2,32
projects\dsc106P3.js,169,js,1a2f47f4,Even Wu,2026-05-05,15:58:46,-07:00,2026-05-05T15:58:46-07:00,2,24
projects\dsc106P3.js,170,js,1a2f47f4,Even Wu,2026-05-05,15:58:46,-07:00,2026-05-05T15:58:46-07:00,2,32
projects\dsc106P3.js,171,js,1a2f47f4,Even Wu,2026-05-05,15:58:46,-07:00,2026-05-05T15:58:46-07:00,2,53
projects\dsc106P3.js,172,js,1a2f47f4,Even Wu,2026-05-05,15:58:46,-07:00,2026-05-05T15:58:46-07:00,4,37
projects\dsc106P3.js,173,js,1a2f47f4,Even Wu,2026-05-05,15:58:46,-07:00,2026-05-05T15:58:46-07:00,0,0
projects\dsc106P3.js,174,js,1a2f47f4,Even Wu,2026-05-05,15:58:46,-07:00,2026-05-05T15:58:46-07:00,4,37
projects\dsc106P3.js,175,js,1a2f47f4,Even Wu,2026-05-05,15:58:46,-07:00,2026-05-05T15:58:46-07:00,4,40
projects\dsc106P3.js,176,js,1a2f47f4,Even Wu,2026-05-05,15:58:46,-07:00,2026-05-05T15:58:46-07:00,0,0
projects\dsc106P3.js,177,js,1a2f47f4,Even Wu,2026-05-05,15:58:46,-07:00,2026-05-05T15:58:46-07:00,4,25
projects\dsc106P3.js,178,js,1a2f47f4,Even Wu,2026-05-05,15:58:46,-07:00,2026-05-05T15:58:46-07:00,4,45
projects\dsc106P3.js,179,js,1a2f47f4,Even Wu,2026-05-05,15:58:46,-07:00,2026-05-05T15:58:46-07:00,0,0
projects\dsc106P3.js,180,js,1a2f47f4,Even Wu,2026-05-05,15:58:46,-07:00,2026-05-05T15:58:46-07:00,4,18
projects\dsc106P3.js,181,js,1a2f47f4,Even Wu,2026-05-05,15:58:46,-07:00,2026-05-05T15:58:46-07:00,4,39
projects\dsc106P3.js,182,js,1a2f47f4,Even Wu,2026-05-05,15:58:46,-07:00,2026-05-05T15:58:46-07:00,0,0
projects\dsc106P3.js,183,js,1a2f47f4,Even Wu,2026-05-05,15:58:46,-07:00,2026-05-05T15:58:46-07:00,4,23
projects\dsc106P3.js,184,js,1a2f47f4,Even Wu,2026-05-05,15:58:46,-07:00,2026-05-05T15:58:46-07:00,4,49
projects\dsc106P3.js,185,js,1a2f47f4,Even Wu,2026-05-05,15:58:46,-07:00,2026-05-05T15:58:46-07:00,2,1
projects\dsc106P3.js,186,js,1a2f47f4,Even Wu,2026-05-05,15:58:46,-07:00,2026-05-05T15:58:46-07:00,0,0
contact\index.html,1,html,18455d9e,Even Wu,2026-04-03,14:09:37,-07:00,2026-04-03T14:09:37-07:00,0,13
contact\index.html,2,html,18455d9e,Even Wu,2026-04-03,14:09:37,-07:00,2026-04-03T14:09:37-07:00,0,14
contact\index.html,3,html,18455d9e,Even Wu,2026-04-03,14:09:37,-07:00,2026-04-03T14:09:37-07:00,0,4
contact\index.html,4,html,9e0d6155,Even Wu,2026-04-17,15:13:53,-07:00,2026-04-17T15:13:53-07:00,2,48
contact\index.html,5,html,18455d9e,Even Wu,2026-04-03,14:09:37,-07:00,2026-04-03T14:09:37-07:00,2,20
contact\index.html,6,html,18455d9e,Even Wu,2026-04-03,14:09:37,-07:00,2026-04-03T14:09:37-07:00,2,68
contact\index.html,7,html,18455d9e,Even Wu,2026-04-03,14:09:37,-07:00,2026-04-03T14:09:37-07:00,2,20
contact\index.html,8,html,12cf7b25,Even Wu,2026-04-17,16:00:58,-07:00,2026-04-17T16:00:58-07:00,2,0
contact\index.html,9,html,0eeb8b8d,Even Wu,2026-04-10,16:28:20,-07:00,2026-04-10T16:28:20-07:00,2,17
contact\index.html,10,html,ff72981d,Even Wu,2026-04-03,14:41:19,-07:00,2026-04-03T14:41:19-07:00,2,41
contact\index.html,11,html,18455d9e,Even Wu,2026-04-03,14:09:37,-07:00,2026-04-03T14:09:37-07:00,0,5
contact\index.html,12,html,65cfa234,Even Wu,2026-04-03,14:51:17,-07:00,2026-04-03T14:51:17-07:00,0,0
contact\index.html,13,html,0eeb8b8d,Even Wu,2026-04-10,16:28:20,-07:00,2026-04-10T16:28:20-07:00,0,4
contact\index.html,14,html,665196de,Even Wu,2026-04-17,17:20:44,-07:00,2026-04-17T17:20:44-07:00,2,49
contact\index.html,15,html,665196de,Even Wu,2026-04-17,17:20:44,-07:00,2026-04-17T17:20:44-07:00,4,0
contact\index.html,16,html,0eeb8b8d,Even Wu,2026-04-10,16:28:20,-07:00,2026-04-10T16:28:20-07:00,4,13
contact\index.html,17,html,0eeb8b8d,Even Wu,2026-04-10,16:28:20,-07:00,2026-04-10T16:28:20-07:00,4,20
contact\index.html,18,html,0eeb8b8d,Even Wu,2026-04-10,16:28:20,-07:00,2026-04-10T16:28:20-07:00,4,6
contact\index.html,19,html,65cfa234,Even Wu,2026-04-03,14:51:17,-07:00,2026-04-03T14:51:17-07:00,0,0
contact\index.html,20,html,0eeb8b8d,Even Wu,2026-04-10,16:28:20,-07:00,2026-04-10T16:28:20-07:00,4,13
contact\index.html,21,html,0eeb8b8d,Even Wu,2026-04-10,16:28:20,-07:00,2026-04-10T16:28:20-07:00,4,34
contact\index.html,22,html,0eeb8b8d,Even Wu,2026-04-10,16:28:20,-07:00,2026-04-10T16:28:20-07:00,4,6
contact\index.html,23,html,65cfa234,Even Wu,2026-04-03,14:51:17,-07:00,2026-04-03T14:51:17-07:00,0,0
contact\index.html,24,html,0eeb8b8d,Even Wu,2026-04-10,16:28:20,-07:00,2026-04-10T16:28:20-07:00,4,21
contact\index.html,25,html,0eeb8b8d,Even Wu,2026-04-10,16:28:20,-07:00,2026-04-10T16:28:20-07:00,2,5
contact\index.html,26,html,18455d9e,Even Wu,2026-04-03,14:09:37,-07:00,2026-04-03T14:09:37-07:00,0,5
contact\index.html,27,html,2aac9c0d,Even Wu,2026-04-03,15:46:35,-07:00,2026-04-03T15:46:35-07:00,0,0
contact\index.html,28,html,18455d9e,Even Wu,2026-04-03,14:09:37,-07:00,2026-04-03T14:09:37-07:00,0,5
